"id","A4_sum","B19_sum","B5_sum","B2_sum","C46_sum","C3_sum","C47a_sum","C1_sum","C45_sum","C42_sum","D1_sum","host_phylum","host_class","host_order","host_family","host_genus","host_species","site","area","reef_bay","collection_latitude","collection_longitude","collection_date","collection_year","collection_month","collection_depth","site_zone","number","no_sp","no_sp_lo","full_sample_id","m_y","m_y_s_z","sample_full","dominant_type","minor_type"
"A1",0,0,0,0,0.0156002595717067,0,0,0.710136275146009,0,0,0.274263465282284,"cnidaria","anthozoa","scleractinia","Siderastreidae","Siderastrea","siderea","SWB","SW","bay","12.07093","68.8585","3/1/20","2020","March","1","SW_bay","77","77_siderea","77_siderea_SW_bay","77SSSWBMarch2020","March 2020","March_2020_SW_bay","SW_bay_A1_March_2020","C1","C46"
"A10",0,0.0438881914375753,0,0,0,0,0,0,0,0,0.956111808562425,"cnidaria","anthozoa","scleractinia","Siderastreidae","Siderastrea","siderea","SMB","SM","bay","12.26947","69.12917","3/1/20","2020","March","1","SM_bay","82","82_siderea","82_siderea_SM_bay","82SSSMBMarch2020","March 2020","March_2020_SM_bay","SM_bay_A10_March_2020","D1","B19"
"A11",0,0,0,0,0,0,0,1,0,0,0,"cnidaria","anthozoa","scleractinia","Siderastreidae","Siderastrea","siderea","SMB","SM","bay","12.26947","69.12917","3/1/20","2020","March","1","SM_bay","86","86_siderea","86_siderea_SM_bay","86SSSMBMarch2020","March 2020","March_2020_SM_bay","SM_bay_A11_March_2020","C1",NA
"A12",0,0.00963288622553275,0,0,0,0,0,0,0,0,0.990367113774467,"cnidaria","anthozoa","scleractinia","Siderastreidae","Siderastrea","siderea","SMB","SM","bay","12.26947","69.12917","3/1/20","2020","March","1","SM_bay","93","93_siderea","93_siderea_SM_bay","93SSSMBMarch2020","March 2020","March_2020_SM_bay","SM_bay_A12_March_2020","D1","B19"
"A2",0,0,0,0,0,0,0,0,0,0,1,"cnidaria","anthozoa","scleractinia","Siderastreidae","Siderastrea","siderea","SWB","SW","bay","12.07093","68.8585","3/1/20","2020","March","1","SW_bay","78","78_siderea","78_siderea_SW_bay","78SSSWBMarch2020","March 2020","March_2020_SW_bay","SW_bay_A2_March_2020","D1",NA
"A3",0,0,0,0,0,0,0,0,0,0,1,"cnidaria","anthozoa","scleractinia","Siderastreidae","Siderastrea","siderea","SWB","SW","bay","12.07093","68.8585","3/1/20","2020","March","1","SW_bay","83","83_siderea","83_siderea_SW_bay","83SSSWBMarch2020","March 2020","March_2020_SW_bay","SW_bay_A3_March_2020","D1",NA
"A4",0,0,0,0,0,0,0,0,0,0,1,"cnidaria","anthozoa","scleractinia","Siderastreidae","Siderastrea","siderea","SWB","SW","bay","12.07093","68.8585","3/1/20","2020","March","1","SW_bay","95","95_siderea","95_siderea_SW_bay","95SSSWBMarch2020","March 2020","March_2020_SW_bay","SW_bay_A4_March_2020","D1",NA
"A5",0,0,0,0,0,1,0,0,0,0,0,"cnidaria","anthozoa","scleractinia","Siderastreidae","Siderastrea","siderea","DB","SW","reef","12.06624","68.86019","3/1/20","2020","March","5","SW_reef","13","13_siderea","13_siderea_SW_reef","13SSDBMarch2020","March 2020","March_2020_SW_reef","SW_reef_A5_March_2020","C3",NA
"A6",0,0,0,0,0,0.725629006026978,0,0,0,0,0.274370993973022,"cnidaria","anthozoa","scleractinia","Siderastreidae","Siderastrea","siderea","DB","SW","reef","12.06624","68.86019","3/1/20","2020","March","5","SW_reef","85","85_siderea","85_siderea_SW_reef","85SSDBMarch2020","March 2020","March_2020_SW_reef","SW_reef_A6_March_2020","C3","D1"
"A7",0,0.00650495470849292,0,0,0,0.508571949662593,0,0,0,0,0.484923095628914,"cnidaria","anthozoa","scleractinia","Siderastreidae","Siderastrea","siderea","DB","SW","reef","12.06624","68.86019","3/1/20","2020","March","5","SW_reef","96","96_siderea","96_siderea_SW_reef","96SSDBMarch2020","March 2020","March_2020_SW_reef","SW_reef_A7_March_2020",NA,"B19"
"A8",0,0,0,0,0,0.982699526685164,0,0,0,0,0.017300473314836,"cnidaria","anthozoa","scleractinia","Siderastreidae","Siderastrea","siderea","DB","SW","reef","12.06624","68.86019","3/1/20","2020","March","5","SW_reef","97","97_siderea","97_siderea_SW_reef","97SSDBMarch2020","March 2020","March_2020_SW_reef","SW_reef_A8_March_2020","C3","D1"
"A9",0,0.181343570057582,0,0,0,0,0,0,0,0,0.818656429942418,"cnidaria","anthozoa","scleractinia","Siderastreidae","Siderastrea","siderea","SMB","SM","bay","12.26947","69.12917","3/1/20","2020","March","1","SM_bay","74","74_siderea","74_siderea_SM_bay","74SSSMBMarch2020","March 2020","March_2020_SM_bay","SM_bay_A9_March_2020","D1","B19"
"B1",0,0,0,0,0,1,0,0,0,0,0,"cnidaria","anthozoa","scleractinia","Siderastreidae","Siderastrea","siderea","SMR","SM","reef","12.26654","69.12768","3/1/20","2020","March","5","SM_reef","61","61_siderea","61_siderea_SM_reef","61SSSMRMarch2020","March 2020","March_2020_SM_reef","SM_reef_B1_March_2020","C3",NA
"B10",0,0,0,0,1,0,0,0,0,0,0,"cnidaria","anthozoa","scleractinia","Siderastreidae","Siderastrea","radians","SMB","SM","bay","12.26947","69.12917","3/1/20","2020","March","1","SM_bay","73","73_radians","73_radians_SM_bay","73SRSMBMarch2020","March 2020","March_2020_SM_bay","SM_bay_B10_March_2020","C46",NA
"B11",0,0,0,0,1,0,0,0,0,0,0,"cnidaria","anthozoa","scleractinia","Siderastreidae","Siderastrea","radians","SMB","SM","bay","12.26947","69.12917","3/1/20","2020","March","1","SM_bay","89","89_radians","89_radians_SM_bay","89SRSMBMarch2020","March 2020","March_2020_SM_bay","SM_bay_B11_March_2020","C46",NA
"B12",0,0.00832259982165857,0,0,0.991677400178341,0,0,0,0,0,0,"cnidaria","anthozoa","scleractinia","Siderastreidae","Siderastrea","radians","SMB","SM","bay","12.26947","69.12917","3/1/20","2020","March","1","SM_bay","90","90_radians","90_radians_SM_bay","90SRSMBMarch2020","March 2020","March_2020_SM_bay","SM_bay_B12_March_2020","C46","B19"
"B2",0,0.0202791860545871,0,0,0,0,0,0,0,0,0.979720813945413,"cnidaria","anthozoa","scleractinia","Siderastreidae","Siderastrea","siderea","SMR","SM","reef","12.26654","69.12768","3/1/20","2020","March","5","SM_reef","62","62_siderea","62_siderea_SM_reef","62SSSMRMarch2020","March 2020","March_2020_SM_reef","SM_reef_B2_March_2020","D1","B19"
"B3",0,0,0,0,0,0,0,0.96590391856664,0,0,0.0340960814333595,"cnidaria","anthozoa","scleractinia","Siderastreidae","Siderastrea","siderea","SMR","SM","reef","12.26654","69.12768","3/1/20","2020","March","5","SM_reef","63","63_siderea","63_siderea_SM_reef","63SSSMRMarch2020","March 2020","March_2020_SM_reef","SM_reef_B3_March_2020","C1","D1"
"B4",0,0,0,0,0,0.680770515532791,0,0,0,0,0.319229484467209,"cnidaria","anthozoa","scleractinia","Siderastreidae","Siderastrea","siderea","SMR","SM","reef","12.26654","69.12768","3/1/20","2020","March","5","SM_reef","64","64_siderea","64_siderea_SM_reef","64SSSMRMarch2020","March 2020","March_2020_SM_reef","SM_reef_B4_March_2020",NA,"C3"
"B5",0,0.00732624693376942,0,0,0.992673753066231,0,0,0,0,0,0,"cnidaria","anthozoa","scleractinia","Siderastreidae","Siderastrea","radians","SWB","SW","bay","12.07093","68.8585","3/1/20","2020","March","1","SW_bay","75","75_radians","75_radians_SW_bay","75SRSWBMarch2020","March 2020","March_2020_SW_bay","SW_bay_B5_March_2020","C46","B19"
"B6",0,0,0,0,1,0,0,0,0,0,0,"cnidaria","anthozoa","scleractinia","Siderastreidae","Siderastrea","radians","SWB","SW","bay","12.07093","68.8585","3/1/20","2020","March","1","SW_bay","79","79_radians","79_radians_SW_bay","79SRSWBMarch2020","March 2020","March_2020_SW_bay","SW_bay_B6_March_2020","C46",NA
"B7",0,0,0,0,1,0,0,0,0,0,0,"cnidaria","anthozoa","scleractinia","Siderastreidae","Siderastrea","radians","SWB","SW","bay","12.07093","68.8585","3/1/20","2020","March","1","SW_bay","80","80_radians","80_radians_SW_bay","80SRSWBMarch2020","March 2020","March_2020_SW_bay","SW_bay_B7_March_2020","C46",NA
"B8",0,0,0,0,1,0,0,0,0,0,0,"cnidaria","anthozoa","scleractinia","Siderastreidae","Siderastrea","radians","SWB","SW","bay","12.07093","68.8585","3/1/20","2020","March","1","SW_bay","84","84_radians","84_radians_SW_bay","84SRSWBMarch2020","March 2020","March_2020_SW_bay","SW_bay_B8_March_2020","C46",NA
"B9",0,0,0,0,1,0,0,0,0,0,0,"cnidaria","anthozoa","scleractinia","Siderastreidae","Siderastrea","radians","SWB","SW","bay","12.07093","68.8585","3/1/20","2020","March","1","SW_bay","98","98_radians","98_radians_SW_bay","98SRSWBMarch2020","March 2020","March_2020_SW_bay","SW_bay_B9_March_2020","C46",NA
"C1",0,0,0,0,1,0,0,0,0,0,0,"cnidaria","anthozoa","scleractinia","Siderastreidae","Siderastrea","radians","SMB","SM","bay","12.26947","69.12917","3/1/20","2020","March","1","SM_bay","92","92_radians","92_radians_SM_bay","92SRSMBMarch2020","March 2020","March_2020_SM_bay","SM_bay_C1_March_2020","C46",NA
"C10",0,0.0363737663164597,0,0,0,0,0,0,0,0,0.96362623368354,"cnidaria","anthozoa","scleractinia","Siderastreidae","Siderastrea","siderea","SMB","SM","bay","12.26947","69.12917","11/1/20","2020","November","1","SM_bay","35","35_siderea","35_siderea_SM_bay","35SSSMBNovember2020","November 2020","November_2020_SM_bay","SM_bay_C10_November_2020","D1","B19"
"C11",0,0,0,0,0,0,0,0,0,0,1,"cnidaria","anthozoa","scleractinia","Siderastreidae","Siderastrea","siderea","SMB","SM","bay","12.26947","69.12917","11/1/20","2020","November","1","SM_bay","37","37_siderea","37_siderea_SM_bay","37SSSMBNovember2020","November 2020","November_2020_SM_bay","SM_bay_C11_November_2020","D1",NA
"C12",0,0,0,0,0,0,0,0.622247802427794,0,0,0.377752197572206,"cnidaria","anthozoa","scleractinia","Siderastreidae","Siderastrea","siderea","SMB","SM","bay","12.26947","69.12917","11/1/20","2020","November","1","SM_bay","70","70_siderea","70_siderea_SM_bay","70SSSMBNovember2020","November 2020","November_2020_SM_bay","SM_bay_C12_November_2020",NA,"C1"
"C2",0,0.0142762771579565,0,0,0,0,0,0,0,0,0.985723722842043,"cnidaria","anthozoa","scleractinia","Siderastreidae","Siderastrea","siderea","SWB","SW","bay","12.07093","68.8585","11/1/20","2020","November","1","SW_bay","56","56_siderea","56_siderea_SW_bay","56SSSWBNovember2020","November 2020","November_2020_SW_bay","SW_bay_C2_November_2020","D1","B19"
"C3",0,0.0241594417424403,0,0,0,0,0,0.123599069570734,0,0,0.852241488686826,"cnidaria","anthozoa","scleractinia","Siderastreidae","Siderastrea","siderea","SWB","SW","bay","12.07093","68.8585","11/1/20","2020","November","1","SW_bay","77","77_siderea","77_siderea_SW_bay","77SSSWBNovember2020","November 2020","November_2020_SW_bay","SW_bay_C3_November_2020","D1","B19"
"C4",0,0,0,0,0.00540192194696639,0,0,0,0,0,0.994598078053034,"cnidaria","anthozoa","scleractinia","Siderastreidae","Siderastrea","siderea","SWB","SW","bay","12.07093","68.8585","11/1/20","2020","November","1","SW_bay","83","83_siderea","83_siderea_SW_bay","83SSSWBNovember2020","November 2020","November_2020_SW_bay","SW_bay_C4_November_2020","D1","C46"
"C5",0,0.0335316960676466,0,0,0,0,0,0,0,0,0.966468303932354,"cnidaria","anthozoa","scleractinia","Siderastreidae","Siderastrea","siderea","SWB","SW","bay","12.07093","68.8585","11/1/20","2020","November","1","SW_bay","95","95_siderea","95_siderea_SW_bay","95SSSWBNovember2020","November 2020","November_2020_SW_bay","SW_bay_C5_November_2020","D1","B19"
"C6",0,0,0,0,0,0,0,0,0,0,1,"cnidaria","anthozoa","scleractinia","Siderastreidae","Siderastrea","siderea","DB","SW","reef","12.06624","68.86019","11/1/20","2020","November","5","SW_reef","49","49_siderea","49_siderea_SW_reef","49SSDBNovember2020","November 2020","November_2020_SW_reef","SW_reef_C6_November_2020","D1",NA
"C7",0,0,0,0,0,0.555765512392336,0,0,0,0,0.444234487607664,"cnidaria","anthozoa","scleractinia","Siderastreidae","Siderastrea","siderea","DB","SW","reef","12.06624","68.86019","11/1/20","2020","November","5","SW_reef","85","85_siderea","85_siderea_SW_reef","85SSDBNovember2020","November 2020","November_2020_SW_reef","SW_reef_C7_November_2020",NA,"C3"
"C8",0,0,0,0,0,0.0306634454562349,0,0,0,0.000520349377439138,0.968816205166326,"cnidaria","anthozoa","scleractinia","Siderastreidae","Siderastrea","siderea","DB","SW","reef","12.06624","68.86019","11/1/20","2020","November","5","SW_reef","96","96_siderea","96_siderea_SW_reef","96SSDBNovember2020","November 2020","November_2020_SW_reef","SW_reef_C8_November_2020","D1","C3"
"C9",0,0,0,0,0,0.882145408583833,0,0,0,0,0.117854591416167,"cnidaria","anthozoa","scleractinia","Siderastreidae","Siderastrea","siderea","DB","SW","reef","12.06624","68.86019","11/1/20","2020","November","5","SW_reef","97","97_siderea","97_siderea_SW_reef","97SSDBNovember2020","November 2020","November_2020_SW_reef","SW_reef_C9_November_2020","C3","D1"
"D1",0,0.167137540673772,0,0,0,0,0,0,0,0,0.832862459326228,"cnidaria","anthozoa","scleractinia","Siderastreidae","Siderastrea","siderea","SMB","SM","bay","12.26947","69.12917","11/1/20","2020","November","1","SM_bay","82","82_siderea","82_siderea_SM_bay","82SSSMBNovember2020","November 2020","November_2020_SM_bay","SM_bay_D1_November_2020","D1","B19"
"D10",0,0,0,0,1,0,0,0,0,0,0,"cnidaria","anthozoa","scleractinia","Siderastreidae","Siderastrea","radians","SWB","SW","bay","12.07093","68.8585","11/1/20","2020","November","1","SW_bay","84","84_radians","84_radians_SW_bay","84SRSWBNovember2020","November 2020","November_2020_SW_bay","SW_bay_D10_November_2020","C46",NA
"D11",0,0,0.208452084649807,0,0.791547915350193,0,0,0,0,0,0,"cnidaria","anthozoa","scleractinia","Siderastreidae","Siderastrea","radians","SMB","SM","bay","12.26947","69.12917","11/1/20","2020","November","1","SM_bay","98","98_radians","98_radians_SM_bay","98SRSWBNovember2020","November 2020","November_2020_SM_bay","SM_bay_D11_November_2020","C46","B5"
"D12",0,0,0,0,0.0816855628216538,0,0,0.918314437178346,0,0,0,"cnidaria","anthozoa","scleractinia","Siderastreidae","Siderastrea","radians","SMB","SM","bay","12.26947","69.12917","11/1/20","2020","November","1","SM_bay","44","44_radians","44_radians_SM_bay","44SRSMBNovember2020","November 2020","November_2020_SM_bay","SM_bay_D12_November_2020","C1","C46"
"D2",0,0,0,0,0,1,0,0,0,0,0,"cnidaria","anthozoa","scleractinia","Siderastreidae","Siderastrea","siderea","SMR","SM","reef","12.26654","69.12768","11/1/20","2020","November","5","SM_reef","42","42_siderea","42_siderea_SM_reef","42SSSMRNovember2020","November 2020","November_2020_SM_reef","SM_reef_D2_November_2020","C3",NA
"D3",0,0,0,0,0,1,0,0,0,0,0,"cnidaria","anthozoa","scleractinia","Siderastreidae","Siderastrea","siderea","SMR","SM","reef","12.26654","69.12768","11/1/20","2020","November","5","SM_reef","43","43_siderea","43_siderea_SM_reef","43SSSMRNovember2020","November 2020","November_2020_SM_reef","SM_reef_D3_November_2020","C3",NA
"D4",0,0,0,0,0,0,0,0.991658488714426,0,0,0.00834151128557409,"cnidaria","anthozoa","scleractinia","Siderastreidae","Siderastrea","siderea","SMR","SM","reef","12.26654","69.12768","11/1/20","2020","November","5","SM_reef","63","63_siderea","63_siderea_SM_reef","63SSSMRNovember2020","November 2020","November_2020_SM_reef","SM_reef_D4_November_2020","C1","D1"
"D5",0,0,0,0,0,0.629680143487034,0,0,0,0,0.370319856512966,"cnidaria","anthozoa","scleractinia","Siderastreidae","Siderastrea","siderea","SMR","SM","reef","12.26654","69.12768","11/1/20","2020","November","5","SM_reef","64","64_siderea","64_siderea_SM_reef","64SSSMRNovember2020","November 2020","November_2020_SM_reef","SM_reef_D5_November_2020",NA,"C3"
"D6",0,0,0,0,1,0,0,0,0,0,0,"cnidaria","anthozoa","scleractinia","Siderastreidae","Siderastrea","radians","SWB","SW","bay","12.07093","68.8585","11/1/20","2020","November","1","SW_bay","91","91_radians","91_radians_SW_bay","91SRSWBNovember2020","November 2020","November_2020_SW_bay","SW_bay_D6_November_2020","C46",NA
"D7",0,0.0477733598409543,0,0,0.952226640159046,0,0,0,0,0,0,"cnidaria","anthozoa","scleractinia","Siderastreidae","Siderastrea","radians","SWB","SW","bay","12.07093","68.8585","11/1/20","2020","November","1","SW_bay","75","75_radians","75_radians_SW_bay","75SRSWBNovember2020","November 2020","November_2020_SW_bay","SW_bay_D7_November_2020","C46","B19"
"D8",0,0,0,0,1,0,0,0,0,0,0,"cnidaria","anthozoa","scleractinia","Siderastreidae","Siderastrea","radians","SWB","SW","bay","12.07093","68.8585","11/1/20","2020","November","1","SW_bay","79","79_radians","79_radians_SW_bay","79SRSWBNovember2020","November 2020","November_2020_SW_bay","SW_bay_D8_November_2020","C46",NA
"D9",0,0.0113546042920404,0,0,0.98864539570796,0,0,0,0,0,0,"cnidaria","anthozoa","scleractinia","Siderastreidae","Siderastrea","radians","SWB","SW","bay","12.07093","68.8585","11/1/20","2020","November","1","SW_bay","80","80_radians","80_radians_SW_bay","80SRSWBNovember2020","November 2020","November_2020_SW_bay","SW_bay_D9_November_2020","C46","B19"
"E1",0,0,0,0,1,0,0,0,0,0,0,"cnidaria","anthozoa","scleractinia","Siderastreidae","Siderastrea","radians","SMB","SM","bay","12.26947","69.12917","11/1/20","2020","November","1","SM_bay","60","60_radians","60_radians_SM_bay","60SRSMBNovember2020","November 2020","November_2020_SM_bay","SM_bay_E1_November_2020","C46",NA
"E10",0.620766006800749,0,0,0,0,0,0.379233993199251,0,0,0,0,"cnidaria","anthozoa","scleractinia","Poritidae","Porites","porites","SMR","SM","reef","12.26654","69.12768","11/1/20","2020","November","5","SM_reef","32","32_porites","32_porites_SM_reef","32PPSMRNovember2020","November 2020","November_2020_SM_reef","SM_reef_E10_November_2020",NA,"A4"
"E11",0,0,0,0,0,0,0,0,0,1,0,"cnidaria","anthozoa","scleractinia","Poritidae","Porites","porites","SMR","SM","reef","12.26654","69.12768","11/1/20","2020","November","5","SM_reef","47","47_porites","47_porites_SM_reef","47PPSMRNovember2020","November 2020","November_2020_SM_reef","SM_reef_E11_November_2020","C42",NA
"E12",0.207287482413392,0,0,0,0,0,0,0,0.557286462899904,0.235426054686703,0,"cnidaria","anthozoa","scleractinia","Poritidae","Porites","porites","SMR","SM","reef","12.26654","69.12768","11/1/20","2020","November","5","SM_reef","57","57_porites","57_porites_SM_reef","57PPSMRNovember2020","November 2020","November_2020_SM_reef","SM_reef_E12_November_2020",NA,"A4"
"E2",0,0.00444388014220416,0.0676422041645505,0,0.927913915693245,0,0,0,0,0,0,"cnidaria","anthozoa","scleractinia","Siderastreidae","Siderastrea","radians","SMB","SM","bay","12.26947","69.12917","11/1/20","2020","November","1","SM_bay","70","70_radians","70_radians_SM_bay","70SRSMBNovember2020","November 2020","November_2020_SM_bay","SM_bay_E2_November_2020","C46","B19"
"E3",0,0,0,0,1,0,0,0,0,0,0,"cnidaria","anthozoa","scleractinia","Siderastreidae","Siderastrea","radians","SMB","SM","bay","12.26947","69.12917","11/1/20","2020","November","1","SM_bay","73","73_radians","73_radians_SM_bay","73SRSMBNovember2020","November 2020","November_2020_SM_bay","SM_bay_E3_November_2020","C46",NA
"E4",1,0,0,0,0,0,0,0,0,0,0,"cnidaria","anthozoa","scleractinia","Poritidae","Porites","porites","SMB","SM","bay","12.26947","69.12917","11/1/20","2020","November","1","SM_bay","24","24_porites","24_porites_SM_bay","24PPSMBNovember2020","November 2020","November_2020_SM_bay","SM_bay_E4_November_2020","A4",NA
"E5",0.993310129195918,0,0,0,0.000353961418205416,0,0,0,0,0.00633590938587694,0,"cnidaria","anthozoa","scleractinia","Poritidae","Porites","porites","SMB","SM","bay","12.26947","69.12917","11/1/20","2020","November","1","SM_bay","25","25_porites","25_porites_SM_bay","25PPSMBNovember2020","November 2020","November_2020_SM_bay","SM_bay_E5_November_2020","A4","C46"
"E6",0.92929659173314,0,0,0,0,0,0,0,0,0.07070340826686,0,"cnidaria","anthozoa","scleractinia","Poritidae","Porites","porites","SMB","SM","bay","12.26947","69.12917","11/1/20","2020","November","1","SM_bay","26","26_porites","26_porites_SM_bay","26PPSMBNovember2020","November 2020","November_2020_SM_bay","SM_bay_E6_November_2020","A4","C42"
"E7",1,0,0,0,0,0,0,0,0,0,0,"cnidaria","anthozoa","scleractinia","Poritidae","Porites","porites","SMB","SM","bay","12.26947","69.12917","11/1/20","2020","November","1","SM_bay","50","50_porites","50_porites_SM_bay","50PPSMBNovember2020","November 2020","November_2020_SM_bay","SM_bay_E7_November_2020","A4",NA
"E8",1,0,0,0,0,0,0,0,0,0,0,"cnidaria","anthozoa","scleractinia","Poritidae","Porites","porites","SMB","SM","bay","12.26947","69.12917","11/1/20","2020","November","1","SM_bay","51","51_porites","51_porites_SM_bay","51PPSMBNovember2020","November 2020","November_2020_SM_bay","SM_bay_E8_November_2020","A4",NA
"E9",0,0,0,0,0,0,1,0,0,0,0,"cnidaria","anthozoa","scleractinia","Poritidae","Porites","porites","SMR","SM","reef","12.26654","69.12768","11/1/20","2020","November","5","SM_reef","28","28_porites","28_porites_SM_reef","28PPSMRNovember2020","November 2020","November_2020_SM_reef","SM_reef_E9_November_2020","C47a",NA
"F10",0,0.0196461153307591,0,0,0,0,0,0,0,0,0.980353884669241,"cnidaria","anthozoa","scleractinia","Siderastreidae","Siderastrea","siderea","SMB","SM","bay","12.26947","69.12917","11/1/21","2021","November","1","SM_bay","35","35_siderea","35_siderea_SM_bay","35SSSMBNovember2021","November 2021","November_2021_SM_bay","SM_bay_F10_November_2021","D1","B19"
"F11",0,0.00865117935930384,0,0.00824406503651307,0.000890562581104807,0.00557237729319865,0,0,0,0,0.97664181572988,"cnidaria","anthozoa","scleractinia","Siderastreidae","Siderastrea","siderea","SMB","SM","bay","12.26947","69.12917","11/1/21","2021","November","1","SM_bay","37","37_siderea","37_siderea_SM_bay","37SSSMBNovember2021","November 2021","November_2021_SM_bay","SM_bay_F11_November_2021","D1","B19"
"F12",0,0,0,0,0,0,0,0.340985930853964,0,0,0.659014069146036,"cnidaria","anthozoa","scleractinia","Siderastreidae","Siderastrea","siderea","SMB","SM","bay","12.26947","69.12917","11/1/21","2021","November","1","SM_bay","70","70_siderea","70_siderea_SM_bay","70SSSMBNovember2021","November 2021","November_2021_SM_bay","SM_bay_F12_November_2021",NA,"C1"
"F2",0,0,0,0,0,0,0,0,0,0,1,"cnidaria","anthozoa","scleractinia","Siderastreidae","Siderastrea","siderea","SWB","SW","bay","12.07093","68.8585","11/1/21","2021","November","1","SW_bay","59","59_siderea","59_siderea_SW_bay","59SSSWBNovember2021","November 2021","November_2021_SW_bay","SW_bay_F2_November_2021","D1",NA
"F3",0,0,0,0,0.00165178340990038,0,0,0.0543023796004749,0,0,0.944045836989625,"cnidaria","anthozoa","scleractinia","Siderastreidae","Siderastrea","siderea","SWB","SW","bay","12.07093","68.8585","11/1/21","2021","November","1","SW_bay","77","77_siderea","77_siderea_SW_bay","77SSSWBNovember2021","November 2021","November_2021_SW_bay","SW_bay_F3_November_2021","D1","C46"
"F4",0,0,0,0,0,0,0,0,0,0,1,"cnidaria","anthozoa","scleractinia","Siderastreidae","Siderastrea","siderea","SWB","SW","bay","12.07093","68.8585","11/1/21","2021","November","1","SW_bay","83","83_siderea","83_siderea_SW_bay","83SSSWBNovember2021","November 2021","November_2021_SW_bay","SW_bay_F4_November_2021","D1",NA
"F5",0,0,0,0,0,0,0,0,0,0,1,"cnidaria","anthozoa","scleractinia","Siderastreidae","Siderastrea","siderea","SWB","SW","bay","12.07093","68.8585","11/1/21","2021","November","1","SW_bay","95","95_siderea","95_siderea_SW_bay","95SSSWBNovember2021","November 2021","November_2021_SW_bay","SW_bay_F5_November_2021","D1",NA
"F6",0,0,0,0,0,0.926477511019814,0,0,0,0,0.0735224889801857,"cnidaria","anthozoa","scleractinia","Siderastreidae","Siderastrea","siderea","DB","SW","reef","12.06624","68.86019","11/1/21","2021","November","5","SW_reef","69","69_siderea","69_siderea_SW_reef","69SSDBNovember2021","November 2021","November_2021_SW_reef","SW_reef_F6_November_2021","C3","D1"
"F7",0,0.0267165952543838,0,0,0,0.0163108054585389,0,0,0,0,0.956972599287077,"cnidaria","anthozoa","scleractinia","Siderastreidae","Siderastrea","siderea","DB","SW","reef","12.06624","68.86019","11/1/21","2021","November","5","SW_reef","85","85_siderea","85_siderea_SW_reef","85SSDBNovember2021","November 2021","November_2021_SW_reef","SW_reef_F7_November_2021","D1","B19"
"F8",0,0,0,0,0,0.800995417917522,0,0,0,0,0.199004582082477,"cnidaria","anthozoa","scleractinia","Siderastreidae","Siderastrea","siderea","DB","SW","reef","12.06624","68.86019","11/1/21","2021","November","5","SW_reef","96","96_siderea","96_siderea_SW_reef","96SSDBNovember2021","November 2021","November_2021_SW_reef","SW_reef_F8_November_2021","C3","D1"
"F9",0,0,0,0,0,0.900396669717972,0,0,0,0,0.0996033302820278,"cnidaria","anthozoa","scleractinia","Siderastreidae","Siderastrea","siderea","DB","SW","reef","12.06624","68.86019","11/1/21","2021","November","5","SW_reef","97","97_siderea","97_siderea_SW_reef","97SSDBNovember2021","November 2021","November_2021_SW_reef","SW_reef_F9_November_2021","C3","D1"
"G1",0,0,0,0,0,0,0,0,0,0,1,"cnidaria","anthozoa","scleractinia","Siderastreidae","Siderastrea","siderea","SMB","SM","bay","12.26947","69.12917","11/1/21","2021","November","1","SM_bay","82","82_siderea","82_siderea_SM_bay","82SSSMBNovember2021","November 2021","November_2021_SM_bay","SM_bay_G1_November_2021","D1",NA
"G10",0,0.0103151862464183,0,0,0.989684813753582,0,0,0,0,0,0,"cnidaria","anthozoa","scleractinia","Siderastreidae","Siderastrea","radians","SMB","SM","bay","12.26947","69.12917","11/1/21","2021","November","1","SM_bay","44","44_radians","44_radians_SM_bay","44SRSMBNovember2021","November 2021","November_2021_SM_bay","SM_bay_G10_November_2021","C46","B19"
"G11",0,0,0,0,1,0,0,0,0,0,0,"cnidaria","anthozoa","scleractinia","Siderastreidae","Siderastrea","radians","SMB","SM","bay","12.26947","69.12917","11/1/21","2021","November","1","SM_bay","73","73_radians","73_radians_SM_bay","73SRSMBNovember2021","November 2021","November_2021_SM_bay","SM_bay_G11_November_2021","C46",NA
"G12",0,0,0,0,1,0,0,0,0,0,0,"cnidaria","anthozoa","scleractinia","Siderastreidae","Siderastrea","radians","SMB","SM","bay","12.26947","69.12917","11/1/21","2021","November","1","SM_bay","88","88_radians","88_radians_SM_bay","88SRSMBNovember2021","November 2021","November_2021_SM_bay","SM_bay_G12_November_2021","C46",NA
"G2",0,0,0,0,0,1,0,0,0,0,0,"cnidaria","anthozoa","scleractinia","Siderastreidae","Siderastrea","siderea","SMR","SM","reef","12.26654","69.12768","11/1/21","2021","November","5","SM_reef","42","42_siderea","42_siderea_SM_reef","42SSSMRNovember2021","November 2021","November_2021_SM_reef","SM_reef_G2_November_2021","C3",NA
"G3",0,0,0,0,0,0,0,0.814115113547377,0,0,0.185884886452623,"cnidaria","anthozoa","scleractinia","Siderastreidae","Siderastrea","siderea","SMR","SM","reef","12.26654","69.12768","11/1/21","2021","November","5","SM_reef","63","63_siderea","63_siderea_SM_reef","63SSSMRNovember2021","November 2021","November_2021_SM_reef","SM_reef_G3_November_2021","C1","D1"
"G4",0,0,0,0,0,0.688022284122563,0,0,0,0,0.311977715877437,"cnidaria","anthozoa","scleractinia","Siderastreidae","Siderastrea","siderea","SMR","SM","reef","12.26654","69.12768","11/1/21","2021","November","5","SM_reef","64","64_siderea","64_siderea_SM_reef","64SSSMRNovember2021","November 2021","November_2021_SM_reef","SM_reef_G4_November_2021",NA,"C3"
"G5",0,0,0,0,0,1,0,0,0,0,0,"cnidaria","anthozoa","scleractinia","Siderastreidae","Siderastrea","siderea","SMR","SM","reef","12.26654","69.12768","11/1/21","2021","November","5","SM_reef","72","72_siderea","72_siderea_SM_reef","72SSSMRNovember2021","November 2021","November_2021_SM_reef","SM_reef_G5_November_2021","C3",NA
"G6",0,0,0,0,1,0,0,0,0,0,0,"cnidaria","anthozoa","scleractinia","Siderastreidae","Siderastrea","radians","SWB","SW","bay","12.07093","68.8585","11/1/21","2021","November","1","SW_bay","75","75_radians","75_radians_SW_bay","75SRSWBNovember2021","November 2021","November_2021_SW_bay","SW_bay_G6_November_2021","C46",NA
"G7",0,0,0,0,1,0,0,0,0,0,0,"cnidaria","anthozoa","scleractinia","Siderastreidae","Siderastrea","radians","SWB","SW","bay","12.07093","68.8585","11/1/21","2021","November","1","SW_bay","80","80_radians","80_radians_SW_bay","80SRSWBNovember2021","November 2021","November_2021_SW_bay","SW_bay_G7_November_2021","C46",NA
"G8",0,0,0.0502583372475341,0,0.949741662752466,0,0,0,0,0,0,"cnidaria","anthozoa","scleractinia","Siderastreidae","Siderastrea","radians","SWB","SW","bay","12.07093","68.8585","11/1/21","2021","November","1","SW_bay","84","84_radians","84_radians_SW_bay","84SRSWBNovember2021","November 2021","November_2021_SW_bay","SW_bay_G8_November_2021","C46","B5"
"G9",0,0,0,0,1,0,0,0,0,0,0,"cnidaria","anthozoa","scleractinia","Siderastreidae","Siderastrea","radians","SWB","SW","bay","12.07093","68.8585","11/1/21","2021","November","1","SW_bay","98","98_radians","98_radians_SW_bay","98SRSWBNovember2021","November 2021","November_2021_SW_bay","SW_bay_G9_November_2021","C46",NA
"H1",0,0,0.0124123604258634,0,0.987587639574137,0,0,0,0,0,0,"cnidaria","anthozoa","scleractinia","Siderastreidae","Siderastrea","radians","SMB","SM","bay","12.26947","69.12917","11/1/21","2021","November","1","SM_bay","95","95_radians","95_radians_SM_bay","95SRSMBNovember2021","November 2021","November_2021_SM_bay","SM_bay_H1_November_2021","C46","B5"
"H10",0,0,0,0,0,0,0,0,0,1,0,"cnidaria","anthozoa","scleractinia","Poritidae","Porites","porites","SMR","SM","reef","12.26654","69.12768","11/1/21","2021","November","5","SM_reef","47","47_porites","47_porites_SM_reef","47PPSMRNovember2021","November 2021","November_2021_SM_reef","SM_reef_H10_November_2021","C42",NA
"H11",0,0,0,0,0,0,1,0,0,0,0,"cnidaria","anthozoa","scleractinia","Poritidae","Porites","porites","SMR","SM","reef","12.26654","69.12768","11/1/21","2021","November","5","SM_reef","52","52_porites","52_porites_SM_reef","52PPSMRNovember2021","November 2021","November_2021_SM_reef","SM_reef_H11_November_2021","C47a",NA
"H2",0,0,0,0,0,0,0,0,0,1,0,"cnidaria","anthozoa","scleractinia","Poritidae","Porites","porites","SMB","SM","bay","12.26947","69.12917","11/1/21","2021","November","1","SM_bay","7","7_porites","7_porites_SM_bay","7PPSMBNovember2021","November 2021","November_2021_SM_bay","SM_bay_H2_November_2021","C42",NA
"H3",1,0,0,0,0,0,0,0,0,0,0,"cnidaria","anthozoa","scleractinia","Poritidae","Porites","porites","SMB","SM","bay","12.26947","69.12917","11/1/21","2021","November","1","SM_bay","11","11_porites","11_porites_SM_bay","11PPSMBNovember2021","November 2021","November_2021_SM_bay","SM_bay_H3_November_2021","A4",NA
"H4",1,0,0,0,0,0,0,0,0,0,0,"cnidaria","anthozoa","scleractinia","Poritidae","Porites","porites","SMB","SM","bay","12.26947","69.12917","11/1/21","2021","November","1","SM_bay","24","24_porites","24_porites_SM_bay","24PPSMBNovember2021","November 2021","November_2021_SM_bay","SM_bay_H4_November_2021","A4",NA
"H5",1,0,0,0,0,0,0,0,0,0,0,"cnidaria","anthozoa","scleractinia","Poritidae","Porites","porites","SMB","SM","bay","12.26947","69.12917","11/1/21","2021","November","1","SM_bay","25","25_porites","25_porites_SM_bay","25PPSMBNovember2021","November 2021","November_2021_SM_bay","SM_bay_H5_November_2021","A4",NA
"H6",0.889845094664372,0,0,0,0.00297293068377406,0,0,0,0,0.107181974651854,0,"cnidaria","anthozoa","scleractinia","Poritidae","Porites","porites","SMB","SM","bay","12.26947","69.12917","11/1/21","2021","November","1","SM_bay","50","50_porites","50_porites_SM_bay","50PPSMBNovember2021","November 2021","November_2021_SM_bay","SM_bay_H6_November_2021","A4","C46"
"H7",0,0,0,0,0,0,1,0,0,0,0,"cnidaria","anthozoa","scleractinia","Poritidae","Porites","porites","SMR","SM","reef","12.26654","69.12768","11/1/21","2021","November","5","SM_reef","3","3_porites","3_porites_SM_reef","3PPSMRNovember2021","November 2021","November_2021_SM_reef","SM_reef_H7_November_2021","C47a",NA
"H8",0,0,0,0,0,0,1,0,0,0,0,"cnidaria","anthozoa","scleractinia","Poritidae","Porites","porites","SMR","SM","reef","12.26654","69.12768","11/1/21","2021","November","5","SM_reef","4","4_porites","4_porites_SM_reef","4PPSMRNovember2021","November 2021","November_2021_SM_reef","SM_reef_H8_November_2021","C47a",NA
"H9",0,0,0,0,0,0,1,0,0,0,0,"cnidaria","anthozoa","scleractinia","Poritidae","Porites","porites","SMR","SM","reef","12.26654","69.12768","11/1/21","2021","November","5","SM_reef","28","28_porites","28_porites_SM_reef","28PPSMRNovember2021","November 2021","November_2021_SM_reef","SM_reef_H9_November_2021","C47a",NA
"I10",0,0,0,0,0,0,0,0,0,0,1,"cnidaria","anthozoa","scleractinia","Siderastreidae","Siderastrea","siderea","SWB","SW","bay","12.07093","68.8585","202003","2020","March","1","SW_bay","71","71_siderea","71_siderea_SW_bay","71SSSWBMarch2020","March 2020","March_2020_SW_bay","SW_bay_I10_March_2020","D1",NA
"I11",0,0,0,0,0,0,0,0,0,0,1,"cnidaria","anthozoa","scleractinia","Siderastreidae","Siderastrea","siderea","SWB","SW","bay","12.07093","68.8585","202003","2020","March","1","SW_bay","88","88_siderea","88_siderea_SW_bay","88SSSWBMarch2020","March 2020","March_2020_SW_bay","SW_bay_I11_March_2020","D1",NA
"I12",0,0,0,0,0,0,0,0,0,0,1,"cnidaria","anthozoa","scleractinia","Siderastreidae","Siderastrea","siderea","DB","SW","reef","12.06624","68.86019","202003","2020","March","5","SW_reef","1","1_siderea","1_siderea_SW_reef","1SSDBMarch2020","March 2020","March_2020_SW_reef","SW_reef_I12_March_2020","D1",NA
"J1",0,0,0,0,0,0.921049915717775,0,0,0,0,0.0789500842822251,"cnidaria","anthozoa","scleractinia","Siderastreidae","Siderastrea","siderea","DB","SW","reef","12.06624","68.86019","202003","2020","March","5","SW_reef","2","2_siderea","2_siderea_SW_reef","21SSDBMarch2020","March 2020","March_2020_SW_reef","SW_reef_J1_March_2020","C3","D1"
"J10",0.989438382220442,0,0,0,0.00648213034337772,0,0,0,0,0.0040794874361798,0,"cnidaria","anthozoa","scleractinia","Poritidae","Porites","astreoides","SWB","SW","reef","12.07093","68.8585","202003","2020","March","5","SW_reef","2","2_astreoides","2_astreoides_SW_reef","2PASWBMarch2020","March 2020","March_2020_SW_reef","SW_reef_J10_March_2020","A4","C46"
"J11",0.986757290067968,0,0,0,0.0125411094058321,0,0,0,0,0.000701600526200395,0,"cnidaria","anthozoa","scleractinia","Poritidae","Porites","astreoides","SWB","SW","reef","12.07093","68.8585","202003","2020","March","5","SW_reef","3","3_astreoides","3_astreoides_SW_reef","3PASWBMarch2020","March 2020","March_2020_SW_reef","SW_reef_J11_March_2020","A4","C46"
"J12",0.993259760294292,0,0,0,0.000759463628812151,0,0,0.00598077607689569,0,0,0,"cnidaria","anthozoa","scleractinia","Poritidae","Porites","astreoides","DB","SW","bay","12.06624","68.86019","202003","2020","March","1","SW_bay","2","2_astreoides","2_astreoides_SW_bay","2PADBMarch2020","March 2020","March_2020_SW_bay","SW_bay_J12_March_2020","A4","C46"
"J2",0,0.0835667405208812,0,0,0,0.00790100748296476,0,0,0,0,0.908532251996154,"cnidaria","anthozoa","scleractinia","Siderastreidae","Siderastrea","siderea","SMB","SM","bay","12.26947","69.12917","202003","2020","March","1","SM_bay","14","14_siderea","14_siderea_SM_bay","14SSSMBMarch2020","March 2020","March_2020_SM_bay","SM_bay_J2_March_2020","D1","B19"
"J3",0,0.106131121003642,0,0,0,0,0,0.606029947389721,0,0,0.287838931606637,"cnidaria","anthozoa","scleractinia","Siderastreidae","Siderastrea","siderea","SMB","SM","bay","12.26947","69.12917","202003","2020","March","1","SM_bay","10","10_siderea","10_siderea_SM_bay","100SSSMBMarch2020","March 2020","March_2020_SM_bay","SM_bay_J3_March_2020",NA,"B19"
"J4",0,0.0109180480660409,0,0,0,0,0,0.00852140336861727,0,0,0.980560548565342,"cnidaria","anthozoa","scleractinia","Siderastreidae","Siderastrea","siderea","SMR","SM","reef","12.26654","69.12768","202003","2020","March","5","SM_reef","3","3_siderea","3_siderea_SM_reef","3SSSMRMarch2020","March 2020","March_2020_SM_reef","SM_reef_J4_March_2020","D1","B19"
"J5",0,0,0,0,0,0.834259561948349,0,0,0,0,0.165740438051651,"cnidaria","anthozoa","scleractinia","Siderastreidae","Siderastrea","siderea","SMR","SM","reef","12.26654","69.12768","202003","2020","March","5","SM_reef","65","65_siderea","65_siderea_SM_reef","65SSSMRMarch2020","March 2020","March_2020_SM_reef","SM_reef_J5_March_2020","C3","D1"
"J6",0,0,0,0,1,0,0,0,0,0,0,"cnidaria","anthozoa","scleractinia","Siderastreidae","Siderastrea","radians","SWB","SW","bay","12.07093","68.8585","202003","2020","March","1","SW_bay","9","9_radians","9_radians_SW_bay","9SRSWBMarch2020","March 2020","March_2020_SW_bay","SW_bay_J6_March_2020","C46",NA
"J7",0,0.0357359584653766,0,0,0.964264041534623,0,0,0,0,0,0,"cnidaria","anthozoa","scleractinia","Siderastreidae","Siderastrea","radians","SMB","SM","bay","12.26947","69.12917","202003","2020","March","1","SM_bay","81","81_radians","81_radians_SM_bay","81SRSMBMarch2020","March 2020","March_2020_SM_bay","SM_bay_J7_March_2020","C46","B19"
"J8",0,0,0,0,1,0,0,0,0,0,0,"cnidaria","anthozoa","scleractinia","Siderastreidae","Siderastrea","radians","SMB","SM","bay","12.26947","69.12917","202003","2020","March","1","SM_bay","94","94_radians","94_radians_SM_bay","94SRSMBMarch2020","March 2020","March_2020_SM_bay","SM_bay_J8_March_2020","C46",NA
"J9",0.984885530117804,0,0,0,0.0134474327628362,0,0,0,0,0.00166703711935986,0,"cnidaria","anthozoa","scleractinia","Poritidae","Porites","astreoides","SWB","SW","bay","12.07093","68.8585","202003","2020","March","1","SW_bay","1","1_astreoides","1_astreoides_SW_bay","1PASWBMarch2020","March 2020","March_2020_SW_bay","SW_bay_J9_March_2020","A4","C46"
"K1",0.97492573824917,0,0,0,0.0241132273283243,0,0,0,0,0.000961034422505679,0,"cnidaria","anthozoa","scleractinia","Poritidae","Porites","astreoides","DB","SW","bay","12.06624","68.86019","202003","2020","March","1","SW_bay","12","12_astreoides","12_astreoides_SW_bay","12PADBMarch2020","March 2020","March_2020_SW_bay","SW_bay_K1_March_2020","A4","C46"
"K10",0.00703905127412285,0,0,0,0,0.992960948725877,0,0,0,0,0,"cnidaria","anthozoa","scleractinia","Siderastreidae","Siderastrea","siderea","SMR","SM","reef","12.26654","69.12768","202011","2020","November","5","SM_reef","72","72_siderea","72_siderea_SM_reef","72SSSMRNovember2020","November 2020","November_2020_SM_reef","SM_reef_K10_November_2020","C3","A4"
"K11",0,0,0,0,0.000248802637307955,0,0,0,0,0.00659326988866082,0.993157927474031,"cnidaria","anthozoa","scleractinia","Siderastreidae","Siderastrea","radians","SWB","SW","bay","12.07093","68.8585","202011","2020","November","1","SW_bay","58","58_radians","58_radians_SW_bay","58SRSWBNovember2020","November 2020","November_2020_SW_bay","SW_bay_K11_November_2020","D1","C46"
"K12",0,0,0,0,0,0,0,0,0.626506024096386,0.373493975903614,0,"cnidaria","anthozoa","scleractinia","Siderastreidae","Siderastrea","radians","SWB","SW","bay","12.07093","68.8585","202011","2020","November","1","SW_bay","9","9_radians","9_radians_SW_bay","9SRSWBNovember2020","November 2020","November_2020_SW_bay","SW_bay_K12_November_2020",NA,"C42"
"K2",1,0,0,0,0,0,0,0,0,0,0,"cnidaria","anthozoa","scleractinia","Poritidae","Porites","astreoides","DB","SW","bay","12.06624","68.86019","202003","2020","March","1","SW_bay","87","87_astreoides","87_astreoides_SW_bay","87PADBMarch2020","March 2020","March_2020_SW_bay","SW_bay_K2_March_2020","A4",NA
"K3",0,0.0262976573265962,0,0,0,0,0,0,0,0,0.973702342673404,"cnidaria","anthozoa","scleractinia","Siderastreidae","Siderastrea","siderea","SWB","SW","bay","12.07093","68.8585","202011","2020","November","1","SW_bay","XX","XX_siderea","XX_siderea_SW_bay","XXSSSWBNovember2020","November 2020","November_2020_SW_bay","SW_bay_K3_November_2020","D1","B19"
"K4",0.0107624924695117,0.291759610531286,0,0,0,0,0,0,0,0,0.697477896999202,"cnidaria","anthozoa","scleractinia","Siderastreidae","Siderastrea","siderea","SWB","SW","bay","12.07093","68.8585","202011","2020","November","1","SW_bay","71","71_siderea","71_siderea_SW_bay","71SSSWBNovember2020","November 2020","November_2020_SW_bay","SW_bay_K4_November_2020",NA,"A4"
"K5",0.00875148087285512,0,0,0,0,0.991248519127145,0,0,0,0,0,"cnidaria","anthozoa","scleractinia","Siderastreidae","Siderastrea","siderea","DB","SW","reef","12.06624","68.86019","202011","2020","November","5","SW_reef","10","10_siderea","10_siderea_SW_reef","10SSDBNovember2020","November 2020","November_2020_SW_reef","SW_reef_K5_November_2020","C3","A4"
"K6",0.00931614317441089,0,0,0,0,0.887917856421793,0,0,0,0,0.102766000403796,"cnidaria","anthozoa","scleractinia","Siderastreidae","Siderastrea","siderea","DB","SW","reef","12.06624","68.86019","202011","2020","November","5","SW_reef","41","41_siderea","41_siderea_SW_reef","41SSDBNovember2020","November 2020","November_2020_SW_reef","SW_reef_K6_November_2020","C3","A4"
"K7",0.00896267152864408,0.0690912580366567,0,0,0,0,0,0,0,0,0.921946070434699,"cnidaria","anthozoa","scleractinia","Siderastreidae","Siderastrea","siderea","SMB","SM","bay","12.26947","69.12917","202011","2020","November","1","SM_bay","8","8_siderea","8_siderea_SM_bay","8SSSMBNovember2020","November 2020","November_2020_SM_bay","SM_bay_K7_November_2020","D1","A4"
"K8",0,0,0,0,0,0,0,0,0,0,1,"cnidaria","anthozoa","scleractinia","Siderastreidae","Siderastrea","siderea","SMB","SM","bay","12.26947","69.12917","202011","2020","November","1","SM_bay","40","40_siderea","40_siderea_SM_bay","40SSSMBNovember2020","November 2020","November_2020_SM_bay","SM_bay_K8_November_2020","D1",NA
"K9",0,0,0,0,0.000315409654058691,0,0.00589185233781636,0,0,0,0.993792738008125,"cnidaria","anthozoa","scleractinia","Siderastreidae","Siderastrea","siderea","SMR","SM","reef","12.26654","69.12768","202011","2020","November","5","SM_reef","48","48_siderea","48_siderea_SM_reef","48SSSMRNovember2020","November 2020","November_2020_SM_reef","SM_reef_K9_November_2020","D1","C46"
"L1",0,0,0,0,1,0,0,0,0,0,0,"cnidaria","anthozoa","scleractinia","Siderastreidae","Siderastrea","radians","SWB","SW","bay","12.07093","68.8585","202011","2020","November","1","SW_bay","91","91_radians","91_radians_SW_bay","91SRSWBNovember2020","November 2020","November_2020_SW_bay","SW_bay_L1_November_2020","C46",NA
"L10",0,0,0,0,0,0,0,0,0,0,1,"cnidaria","anthozoa","scleractinia","Siderastreidae","Siderastrea","siderea","SMB","SM","bay","12.26947","69.12917","202111","2021","November","1","SM_bay","8","8_siderea","8_siderea_SM_bay","8SSSMBNovember2021","November 2021","November_2021_SM_bay","SM_bay_L10_November_2021","D1",NA
"L11",0,0.0119695556952967,0,0,0,0,0,0,0,0,0.988030444304703,"cnidaria","anthozoa","scleractinia","Siderastreidae","Siderastrea","siderea","SMB","SM","bay","12.26947","69.12917","202111","2021","November","1","SM_bay","18","18_siderea","18_siderea_SM_bay","18SSSMBNovember2021","November 2021","November_2021_SM_bay","SM_bay_L11_November_2021","D1","B19"
"L12",0,0.00754699824964197,0,0,0,0,0,0,0,0,0.992453001750358,"cnidaria","anthozoa","scleractinia","Siderastreidae","Siderastrea","siderea","SMB","SM","bay","12.26947","69.12917","202111","2021","November","1","SM_bay","33","33_siderea","33_siderea_SM_bay","33SSSMBNovember2021","November 2021","November_2021_SM_bay","SM_bay_L12_November_2021","D1","B19"
"L2",0,0.0198014119267635,0,0,0.980198588073237,0,0,0,0,0,0,"cnidaria","anthozoa","scleractinia","Siderastreidae","Siderastrea","radians","SMB","SM","bay","12.26947","69.12917","202011","2020","November","1","SM_bay","36","36_radians","36_radians_SM_bay","36SRSMBNovember2020","November 2020","November_2020_SM_bay","SM_bay_L2_November_2020","C46","B19"
"L3",0,0,0,0,0,0,0,1,0,0,0,"cnidaria","anthozoa","scleractinia","Siderastreidae","Siderastrea","radians","SMB","SM","bay","12.26947","69.12917","202011","2020","November","1","SM_bay","45","45_radians","45_radians_SM_bay","45SRSMBNovember2020","November 2020","November_2020_SM_bay","SM_bay_L3_November_2020","C1",NA
"L4",0.989469159681926,0,0,0,0,0,0,0,0,0,0.0105308403180744,"cnidaria","anthozoa","scleractinia","Poritidae","Porites","porites","SMB","SM","bay","12.26947","69.12917","202011","2020","November","1","SM_bay","15","15_porites","15_porites_SM_bay","15PPSMBNovember2020","November 2020","November_2020_SM_bay","SM_bay_L4_November_2020","A4","D1"
"L5",0,0,0,0,0,0,0,0,0,0.990353020473502,0.0096469795264976,"cnidaria","anthozoa","scleractinia","Poritidae","Porites","porites","SMR","SM","reef","12.26654","69.12768","202011","2020","November","5","SM_reef","7","7_porites","7_porites_SM_reef","7PPSMRNovember2020","November 2020","November_2020_SM_reef","SM_reef_L5_November_2020","C42","D1"
"L6",0,0.0259044061700214,0,0,0,0,0,0,0,0,0.974095593829979,"cnidaria","anthozoa","scleractinia","Siderastreidae","Siderastrea","siderea","SWB","SW","bay","12.07093","68.8585","202111","2021","November","1","SW_bay","71","71_siderea","71_siderea_SW_bay","71SSSWBNovember2021","November 2021","November_2021_SW_bay","SW_bay_L6_November_2021","D1","B19"
"L7",0,0,0,0,0.00112220850634048,0,0,0.0173381214229604,0,0,0.981539670070699,"cnidaria","anthozoa","scleractinia","Siderastreidae","Siderastrea","siderea","SWB","SW","bay","12.07093","68.8585","202111","2021","November","1","SW_bay","94","94_siderea","94_siderea_SW_bay","94SSSWBNovember2021","November 2021","November_2021_SW_bay","SW_bay_L7_November_2021","D1","C46"
"L8",0,0,0,0,0,0.986765922249793,0,0,0,0,0.0132340777502068,"cnidaria","anthozoa","scleractinia","Siderastreidae","Siderastrea","siderea","DB","SW","reef","12.06624","68.86019","202111","2021","November","5","SW_reef","38","38_siderea","38_siderea_SW_reef","38SSDBNovember2021","November 2021","November_2021_SW_reef","SW_reef_L8_November_2021","C3","D1"
"M1",0,0,0,0,0,0,0,1,0,0,0,"cnidaria","anthozoa","scleractinia","Siderastreidae","Siderastrea","siderea","SMB","SM","bay","12.26947","69.12917","202111","2021","November","1","SM_bay","39","39_siderea","39_siderea_SM_bay","39SSSMBNovember2021","November 2021","November_2021_SM_bay","SM_bay_M1_November_2021","C1",NA
"M10",0,0,0,0,1,0,0,0,0,0,0,"cnidaria","anthozoa","scleractinia","Siderastreidae","Siderastrea","radians","SMB","SM","bay","12.26947","69.12917","202111","2021","November","1","SM_bay","86","86_radians","86_radians_SM_bay","86SRSMBNovember2021","November 2021","November_2021_SM_bay","SM_bay_M10_November_2021","C46",NA
"M11",0.994245494979137,0,0,0,0.00316383144573341,0,0,0,0,0.00259067357512953,0,"cnidaria","anthozoa","scleractinia","Poritidae","Porites","porites","SMB","SM","bay","12.26947","69.12917","202111","2021","November","1","SM_bay","26","26_porites","26_porites_SM_bay","26PPSMBNovember2021","November 2021","November_2021_SM_bay","SM_bay_M11_November_2021","A4","C46"
"M12",1,0,0,0,0,0,0,0,0,0,0,"cnidaria","anthozoa","scleractinia","Poritidae","Porites","porites","SMB","SM","bay","12.26947","69.12917","202111","2021","November","1","SM_bay","97","97_porites","97_porites_SM_bay","97PPSMBNovember2021","November 2021","November_2021_SM_bay","SM_bay_M12_November_2021","A4",NA
"M2",0,0.0776754021599577,0,0,0,0,0,0,0,0,0.922324597840042,"cnidaria","anthozoa","scleractinia","Siderastreidae","Siderastrea","siderea","SMB","SM","bay","12.26947","69.12917","202111","2021","November","1","SM_bay","44","44_siderea","44_siderea_SM_bay","44SSSMBNovember2021","November 2021","November_2021_SM_bay","SM_bay_M2_November_2021","D1","B19"
"M3",0,0,0,0,0,0,0,0,0,0,1,"cnidaria","anthozoa","scleractinia","Siderastreidae","Siderastrea","siderea","SMB","SM","bay","12.26947","69.12917","202111","2021","November","1","SM_bay","99","99_siderea","99_siderea_SM_bay","99SSSMBNovember2021","November 2021","November_2021_SM_bay","SM_bay_M3_November_2021","D1",NA
"M4",0,0.0795039930599852,0,0,0,0,0,0,0,0,0.920496006940015,"cnidaria","anthozoa","scleractinia","Siderastreidae","Siderastrea","siderea","SMR","SM","reef","12.26654","69.12768","202111","2021","November","5","SM_reef","15","15_siderea","15_siderea_SM_reef","15SSSMRNovember2021","November 2021","November_2021_SM_reef","SM_reef_M4_November_2021","D1","B19"
"M5",0,0,0,0,0,0,0,0,0,0,1,"cnidaria","anthozoa","scleractinia","Siderastreidae","Siderastrea","siderea","SMR","SM","reef","12.26654","69.12768","202111","2021","November","5","SM_reef","16","16_siderea","16_siderea_SM_reef","16SSSMRNovember2021","November 2021","November_2021_SM_reef","SM_reef_M5_November_2021","D1",NA
"M6",0,0,0,0,0,0,0,1,0,0,0,"cnidaria","anthozoa","scleractinia","Siderastreidae","Siderastrea","siderea","SMR","SM","reef","12.26654","69.12768","202111","2021","November","5","SM_reef","17","17_siderea","17_siderea_SM_reef","17SSSMRNovember2021","November 2021","November_2021_SM_reef","SM_reef_M6_November_2021","C1",NA
"M7",0,0,0,0,0,1,0,0,0,0,0,"cnidaria","anthozoa","scleractinia","Siderastreidae","Siderastrea","siderea","SMR","SM","reef","12.26654","69.12768","202111","2021","November","5","SM_reef","18","18_siderea","18_siderea_SM_reef","18SSSMRNovember2021","November 2021","November_2021_SM_reef","SM_reef_M7_November_2021","C3",NA
"M8",0,0,0,0,0,0,0,0,0,0,1,"cnidaria","anthozoa","scleractinia","Siderastreidae","Siderastrea","siderea","SMR","SM","reef","12.26654","69.12768","202111","2021","November","5","SM_reef","19","19_siderea","19_siderea_SM_reef","19SSSMRNovember2021","November 2021","November_2021_SM_reef","SM_reef_M8_November_2021","D1",NA
"M9",0,0,0,0,1,0,0,0,0,0,0,"cnidaria","anthozoa","scleractinia","Siderastreidae","Siderastrea","radians","SWB","SW","bay","12.07093","68.8585","202111","2021","November","1","SW_bay","56","56_radians","56_radians_SW_bay","56SRSWBNovember2021","November 2021","November_2021_SW_bay","SW_bay_M9_November_2021","C46",NA
"N1",0,0,0,0,0,0,0,0,0,1,0,"cnidaria","anthozoa","scleractinia","Poritidae","Porites","porites","SMB","SM","bay","12.26947","69.12917","202111","2021","November","1","SM_bay","7","7_porites","7_porites_SM_bay","7PPSMBNovember2021","November 2021","November_2021_SM_bay","SM_bay_N1_November_2021","C42",NA
"N10",0,0,0,0,0,0,1,0,0,0,0,"cnidaria","anthozoa","scleractinia","Poritidae","Porites","porites","SMR","SM","reef","12.26654","69.12768","202111","2021","November","5","SM_reef","52","52_porites","52_porites_SM_reef","52PPSMRNovember2021","November 2021","November_2021_SM_reef","SM_reef_N10_November_2021","C47a",NA
"N2",1,0,0,0,0,0,0,0,0,0,0,"cnidaria","anthozoa","scleractinia","Poritidae","Porites","porites","SMB","SM","bay","12.26947","69.12917","202111","2021","November","1","SM_bay","11","11_porites","11_porites_SM_bay","11PPSMBNovember2021","November 2021","November_2021_SM_bay","SM_bay_N2_November_2021","A4",NA
"N3",1,0,0,0,0,0,0,0,0,0,0,"cnidaria","anthozoa","scleractinia","Poritidae","Porites","porites","SMB","SM","bay","12.26947","69.12917","202111","2021","November","1","SM_bay","24","24_porites","24_porites_SM_bay","24PPSMBNovember2021","November 2021","November_2021_SM_bay","SM_bay_N3_November_2021","A4",NA
"N4",1,0,0,0,0,0,0,0,0,0,0,"cnidaria","anthozoa","scleractinia","Poritidae","Porites","porites","SMB","SM","bay","12.26947","69.12917","202111","2021","November","1","SM_bay","25","25_porites","25_porites_SM_bay","25PPSMBNovember2021","November 2021","November_2021_SM_bay","SM_bay_N4_November_2021","A4",NA
"N5",0.862643313291257,0,0,0,0.0036598573402547,0,0,0,0,0.133696829368488,0,"cnidaria","anthozoa","scleractinia","Poritidae","Porites","porites","SMB","SM","bay","12.26947","69.12917","202111","2021","November","1","SM_bay","50","50_porites","50_porites_SM_bay","50PPSMBNovember2021","November 2021","November_2021_SM_bay","SM_bay_N5_November_2021","A4","C46"
"N6",0,0,0,0,0,0,1,0,0,0,0,"cnidaria","anthozoa","scleractinia","Poritidae","Porites","porites","SMR","SM","reef","12.26654","69.12768","202111","2021","November","5","SM_reef","3","3_porites","3_porites_SM_reef","3PPSMRNovember2021","November 2021","November_2021_SM_reef","SM_reef_N6_November_2021","C47a",NA
"N7",0,0,0,0,0,0,1,0,0,0,0,"cnidaria","anthozoa","scleractinia","Poritidae","Porites","porites","SMR","SM","reef","12.26654","69.12768","202111","2021","November","5","SM_reef","4","4_porites","4_porites_SM_reef","4PPSMRNovember2021","November 2021","November_2021_SM_reef","SM_reef_N7_November_2021","C47a",NA
"N8",0,0,0,0,0,0,1,0,0,0,0,"cnidaria","anthozoa","scleractinia","Poritidae","Porites","porites","SMR","SM","reef","12.26654","69.12768","202111","2021","November","5","SM_reef","28","28_porites","28_porites_SM_reef","28PPSMRNovember2021","November 2021","November_2021_SM_reef","SM_reef_N8_November_2021","C47a",NA
"N9",0,0,0,0,0,0,0,0,0,1,0,"cnidaria","anthozoa","scleractinia","Poritidae","Porites","porites","SMR","SM","reef","12.26654","69.12768","202111","2021","November","5","SM_reef","47","47_porites","47_porites_SM_reef","47PPSMRNovember2021","November 2021","November_2021_SM_reef","SM_reef_N9_November_2021","C42",NA
