,id,host_phylum,host_class,host_order,host_family,host_genus,host_species,site,area,reef_bay,collection_latitude,collection_longitude,collection_date,collection_year,collection_month,collection_depth,site_zone,number,no_sp,no_sp_lo,full_sample_id,m_y,m_y_s_z,sample_full,is.neg,mean_pH_site,mean_temp_site,mean_sal_site,mean_do_site,mean_par_site,range_pH_site,range_temp_site,range_sal_site,range_do_site,range_par_site,site_nice,m_rb,coral_species,tp_suffix,number_time
A1,A1,cnidaria,anthozoa,scleractinia,Siderastreidae,Siderastrea,siderea,SWB,SW,bay,12.07093,68.8585,3/1/20,2020,March,1,SW_bay,77,77_siderea,77_siderea_SW_bay,77SSSWBMarch2020,March_2020,March_2020_SW_bay,SW_bay_A1_March_2020,FALSE,7.976361734,28.77875942,35.40012799,6.08658331,316.617909,0.645544,5.14,3.39430111,6.45,1391.908169,Spaanse Water Bay,March_2020 bay,Siderastrea siderea,a,77a
A10,A10,cnidaria,anthozoa,scleractinia,Siderastreidae,Siderastrea,siderea,SMB,SM,bay,12.26947,69.12917,3/1/20,2020,March,1,SM_bay,82,82_siderea,82_siderea_SM_bay,82SSSMBMarch2020,March_2020,March_2020_SM_bay,SM_bay_A10_March_2020,FALSE,8.060383832,28.08237994,35.07786986,6.179520315,468.650535,0.540967,6.24,9.4628401,6.52,1644.409065,Santa Martha Bay,March_2020 bay,Siderastrea siderea,a,82a
A11,A11,cnidaria,anthozoa,scleractinia,Siderastreidae,Siderastrea,siderea,SMB,SM,bay,12.26947,69.12917,3/1/20,2020,March,1,SM_bay,86,86_siderea,86_siderea_SM_bay,86SSSMBMarch2020,March_2020,March_2020_SM_bay,SM_bay_A11_March_2020,FALSE,8.060383832,28.08237994,35.07786986,6.179520315,468.650535,0.540967,6.24,9.4628401,6.52,1644.409065,Santa Martha Bay,March_2020 bay,Siderastrea siderea,a,86a
A12,A12,cnidaria,anthozoa,scleractinia,Siderastreidae,Siderastrea,siderea,SMB,SM,bay,12.26947,69.12917,3/1/20,2020,March,1,SM_bay,93,93_siderea,93_siderea_SM_bay,93SSSMBMarch2020,March_2020,March_2020_SM_bay,SM_bay_A12_March_2020,FALSE,8.060383832,28.08237994,35.07786986,6.179520315,468.650535,0.540967,6.24,9.4628401,6.52,1644.409065,Santa Martha Bay,March_2020 bay,Siderastrea siderea,a,93a
A2,A2,cnidaria,anthozoa,scleractinia,Siderastreidae,Siderastrea,siderea,SWB,SW,bay,12.07093,68.8585,3/1/20,2020,March,1,SW_bay,78,78_siderea,78_siderea_SW_bay,78SSSWBMarch2020,March_2020,March_2020_SW_bay,SW_bay_A2_March_2020,FALSE,7.976361734,28.77875942,35.40012799,6.08658331,316.617909,0.645544,5.14,3.39430111,6.45,1391.908169,Spaanse Water Bay,March_2020 bay,Siderastrea siderea,a,78a
A3,A3,cnidaria,anthozoa,scleractinia,Siderastreidae,Siderastrea,siderea,SWB,SW,bay,12.07093,68.8585,3/1/20,2020,March,1,SW_bay,83,83_siderea,83_siderea_SW_bay,83SSSWBMarch2020,March_2020,March_2020_SW_bay,SW_bay_A3_March_2020,FALSE,7.976361734,28.77875942,35.40012799,6.08658331,316.617909,0.645544,5.14,3.39430111,6.45,1391.908169,Spaanse Water Bay,March_2020 bay,Siderastrea siderea,a,83a
A4,A4,cnidaria,anthozoa,scleractinia,Siderastreidae,Siderastrea,siderea,SWB,SW,bay,12.07093,68.8585,3/1/20,2020,March,1,SW_bay,95,95_siderea,95_siderea_SW_bay,95SSSWBMarch2020,March_2020,March_2020_SW_bay,SW_bay_A4_March_2020,FALSE,7.976361734,28.77875942,35.40012799,6.08658331,316.617909,0.645544,5.14,3.39430111,6.45,1391.908169,Spaanse Water Bay,March_2020 bay,Siderastrea siderea,a,95a
A5,A5,cnidaria,anthozoa,scleractinia,Siderastreidae,Siderastrea,siderea,DB,SW,reef,12.06624,68.86019,3/1/20,2020,March,5,SW_reef,13,13_siderea,13_siderea_SW_reef,13SSDBMarch2020,March_2020,March_2020_SW_reef,SW_reef_A5_March_2020,FALSE,8.047646275,28.51712935,35.58084344,6.310593286,532.1785342,0.630546,3.52,1.42991559,3.44,1759.366821,Spaanse Water Reef,March_2020 reef,Siderastrea siderea,a,13a
A6,A6,cnidaria,anthozoa,scleractinia,Siderastreidae,Siderastrea,siderea,DB,SW,reef,12.06624,68.86019,3/1/20,2020,March,5,SW_reef,85,85_siderea,85_siderea_SW_reef,85SSDBMarch2020,March_2020,March_2020_SW_reef,SW_reef_A6_March_2020,FALSE,8.047646275,28.51712935,35.58084344,6.310593286,532.1785342,0.630546,3.52,1.42991559,3.44,1759.366821,Spaanse Water Reef,March_2020 reef,Siderastrea siderea,a,85a
A7,A7,cnidaria,anthozoa,scleractinia,Siderastreidae,Siderastrea,siderea,DB,SW,reef,12.06624,68.86019,3/1/20,2020,March,5,SW_reef,96,96_siderea,96_siderea_SW_reef,96SSDBMarch2020,March_2020,March_2020_SW_reef,SW_reef_A7_March_2020,FALSE,8.047646275,28.51712935,35.58084344,6.310593286,532.1785342,0.630546,3.52,1.42991559,3.44,1759.366821,Spaanse Water Reef,March_2020 reef,Siderastrea siderea,a,96a
A8,A8,cnidaria,anthozoa,scleractinia,Siderastreidae,Siderastrea,siderea,DB,SW,reef,12.06624,68.86019,3/1/20,2020,March,5,SW_reef,97,97_siderea,97_siderea_SW_reef,97SSDBMarch2020,March_2020,March_2020_SW_reef,SW_reef_A8_March_2020,FALSE,8.047646275,28.51712935,35.58084344,6.310593286,532.1785342,0.630546,3.52,1.42991559,3.44,1759.366821,Spaanse Water Reef,March_2020 reef,Siderastrea siderea,a,97a
A9,A9,cnidaria,anthozoa,scleractinia,Siderastreidae,Siderastrea,siderea,SMB,SM,bay,12.26947,69.12917,3/1/20,2020,March,1,SM_bay,74,74_siderea,74_siderea_SM_bay,74SSSMBMarch2020,March_2020,March_2020_SM_bay,SM_bay_A9_March_2020,FALSE,8.060383832,28.08237994,35.07786986,6.179520315,468.650535,0.540967,6.24,9.4628401,6.52,1644.409065,Santa Martha Bay,March_2020 bay,Siderastrea siderea,a,74a
B1,B1,cnidaria,anthozoa,scleractinia,Siderastreidae,Siderastrea,siderea,SMR,SM,reef,12.26654,69.12768,3/1/20,2020,March,5,SM_reef,61,61_siderea,61_siderea_SM_reef,61SSSMRMarch2020,March_2020,March_2020_SM_reef,SM_reef_B1_March_2020,FALSE,8.041232107,28.45125721,35.36889033,6.211836765,670.5445991,0.633093,3.18,3.67483942,2.84,2122.055021,Santa Martha Reef,March_2020 reef,Siderastrea siderea,a,61a
B10,B10,cnidaria,anthozoa,scleractinia,Siderastreidae,Siderastrea,radians,SMB,SM,bay,12.26947,69.12917,3/1/20,2020,March,1,SM_bay,73,73_radians,73_radians_SM_bay,73SRSMBMarch2020,March_2020,March_2020_SM_bay,SM_bay_B10_March_2020,FALSE,8.060383832,28.08237994,35.07786986,6.179520315,468.650535,0.540967,6.24,9.4628401,6.52,1644.409065,Santa Martha Bay,March_2020 bay,Siderastrea radians,a,73a
B11,B11,cnidaria,anthozoa,scleractinia,Siderastreidae,Siderastrea,radians,SMB,SM,bay,12.26947,69.12917,3/1/20,2020,March,1,SM_bay,89,89_radians,89_radians_SM_bay,89SRSMBMarch2020,March_2020,March_2020_SM_bay,SM_bay_B11_March_2020,FALSE,8.060383832,28.08237994,35.07786986,6.179520315,468.650535,0.540967,6.24,9.4628401,6.52,1644.409065,Santa Martha Bay,March_2020 bay,Siderastrea radians,a,89a
B12,B12,cnidaria,anthozoa,scleractinia,Siderastreidae,Siderastrea,radians,SMB,SM,bay,12.26947,69.12917,3/1/20,2020,March,1,SM_bay,90,90_radians,90_radians_SM_bay,90SRSMBMarch2020,March_2020,March_2020_SM_bay,SM_bay_B12_March_2020,FALSE,8.060383832,28.08237994,35.07786986,6.179520315,468.650535,0.540967,6.24,9.4628401,6.52,1644.409065,Santa Martha Bay,March_2020 bay,Siderastrea radians,a,90a
B2,B2,cnidaria,anthozoa,scleractinia,Siderastreidae,Siderastrea,siderea,SMR,SM,reef,12.26654,69.12768,3/1/20,2020,March,5,SM_reef,62,62_siderea,62_siderea_SM_reef,62SSSMRMarch2020,March_2020,March_2020_SM_reef,SM_reef_B2_March_2020,FALSE,8.041232107,28.45125721,35.36889033,6.211836765,670.5445991,0.633093,3.18,3.67483942,2.84,2122.055021,Santa Martha Reef,March_2020 reef,Siderastrea siderea,a,62a
B3,B3,cnidaria,anthozoa,scleractinia,Siderastreidae,Siderastrea,siderea,SMR,SM,reef,12.26654,69.12768,3/1/20,2020,March,5,SM_reef,63,63_siderea,63_siderea_SM_reef,63SSSMRMarch2020,March_2020,March_2020_SM_reef,SM_reef_B3_March_2020,FALSE,8.041232107,28.45125721,35.36889033,6.211836765,670.5445991,0.633093,3.18,3.67483942,2.84,2122.055021,Santa Martha Reef,March_2020 reef,Siderastrea siderea,a,63a
B4,B4,cnidaria,anthozoa,scleractinia,Siderastreidae,Siderastrea,siderea,SMR,SM,reef,12.26654,69.12768,3/1/20,2020,March,5,SM_reef,64,64_siderea,64_siderea_SM_reef,64SSSMRMarch2020,March_2020,March_2020_SM_reef,SM_reef_B4_March_2020,FALSE,8.041232107,28.45125721,35.36889033,6.211836765,670.5445991,0.633093,3.18,3.67483942,2.84,2122.055021,Santa Martha Reef,March_2020 reef,Siderastrea siderea,a,64a
B5,B5,cnidaria,anthozoa,scleractinia,Siderastreidae,Siderastrea,radians,SWB,SW,bay,12.07093,68.8585,3/1/20,2020,March,1,SW_bay,75,75_radians,75_radians_SW_bay,75SRSWBMarch2020,March_2020,March_2020_SW_bay,SW_bay_B5_March_2020,FALSE,7.976361734,28.77875942,35.40012799,6.08658331,316.617909,0.645544,5.14,3.39430111,6.45,1391.908169,Spaanse Water Bay,March_2020 bay,Siderastrea radians,a,75a
B6,B6,cnidaria,anthozoa,scleractinia,Siderastreidae,Siderastrea,radians,SWB,SW,bay,12.07093,68.8585,3/1/20,2020,March,1,SW_bay,79,79_radians,79_radians_SW_bay,79SRSWBMarch2020,March_2020,March_2020_SW_bay,SW_bay_B6_March_2020,FALSE,7.976361734,28.77875942,35.40012799,6.08658331,316.617909,0.645544,5.14,3.39430111,6.45,1391.908169,Spaanse Water Bay,March_2020 bay,Siderastrea radians,a,79a
B7,B7,cnidaria,anthozoa,scleractinia,Siderastreidae,Siderastrea,radians,SWB,SW,bay,12.07093,68.8585,3/1/20,2020,March,1,SW_bay,80,80_radians,80_radians_SW_bay,80SRSWBMarch2020,March_2020,March_2020_SW_bay,SW_bay_B7_March_2020,FALSE,7.976361734,28.77875942,35.40012799,6.08658331,316.617909,0.645544,5.14,3.39430111,6.45,1391.908169,Spaanse Water Bay,March_2020 bay,Siderastrea radians,a,80a
B8,B8,cnidaria,anthozoa,scleractinia,Siderastreidae,Siderastrea,radians,SWB,SW,bay,12.07093,68.8585,3/1/20,2020,March,1,SW_bay,84,84_radians,84_radians_SW_bay,84SRSWBMarch2020,March_2020,March_2020_SW_bay,SW_bay_B8_March_2020,FALSE,7.976361734,28.77875942,35.40012799,6.08658331,316.617909,0.645544,5.14,3.39430111,6.45,1391.908169,Spaanse Water Bay,March_2020 bay,Siderastrea radians,a,84a
B9,B9,cnidaria,anthozoa,scleractinia,Siderastreidae,Siderastrea,radians,SWB,SW,bay,12.07093,68.8585,3/1/20,2020,March,1,SW_bay,98,98_radians,98_radians_SW_bay,98SRSWBMarch2020,March_2020,March_2020_SW_bay,SW_bay_B9_March_2020,FALSE,7.976361734,28.77875942,35.40012799,6.08658331,316.617909,0.645544,5.14,3.39430111,6.45,1391.908169,Spaanse Water Bay,March_2020 bay,Siderastrea radians,a,98a
C1,C1,cnidaria,anthozoa,scleractinia,Siderastreidae,Siderastrea,radians,SMB,SM,bay,12.26947,69.12917,3/1/20,2020,March,1,SM_bay,92,92_radians,92_radians_SM_bay,92SRSMBMarch2020,March_2020,March_2020_SM_bay,SM_bay_C1_March_2020,FALSE,8.060383832,28.08237994,35.07786986,6.179520315,468.650535,0.540967,6.24,9.4628401,6.52,1644.409065,Santa Martha Bay,March_2020 bay,Siderastrea radians,a,92a
C10,C10,cnidaria,anthozoa,scleractinia,Siderastreidae,Siderastrea,siderea,SMB,SM,bay,12.26947,69.12917,11/1/20,2020,November,1,SM_bay,35,35_siderea,35_siderea_SM_bay,35SSSMBNovember2020,November_2020,November_2020_SM_bay,SM_bay_C10_November_2020,FALSE,8.060383832,28.08237994,35.07786986,6.179520315,468.650535,0.540967,6.24,9.4628401,6.52,1644.409065,Santa Martha Bay,November_2020 bay,Siderastrea siderea,b,35b
C11,C11,cnidaria,anthozoa,scleractinia,Siderastreidae,Siderastrea,siderea,SMB,SM,bay,12.26947,69.12917,11/1/20,2020,November,1,SM_bay,37,37_siderea,37_siderea_SM_bay,37SSSMBNovember2020,November_2020,November_2020_SM_bay,SM_bay_C11_November_2020,FALSE,8.060383832,28.08237994,35.07786986,6.179520315,468.650535,0.540967,6.24,9.4628401,6.52,1644.409065,Santa Martha Bay,November_2020 bay,Siderastrea siderea,b,37b
C12,C12,cnidaria,anthozoa,scleractinia,Siderastreidae,Siderastrea,siderea,SMB,SM,bay,12.26947,69.12917,11/1/20,2020,November,1,SM_bay,70,70_siderea,70_siderea_SM_bay,70SSSMBNovember2020,November_2020,November_2020_SM_bay,SM_bay_C12_November_2020,FALSE,8.060383832,28.08237994,35.07786986,6.179520315,468.650535,0.540967,6.24,9.4628401,6.52,1644.409065,Santa Martha Bay,November_2020 bay,Siderastrea siderea,b,70b
C2,C2,cnidaria,anthozoa,scleractinia,Siderastreidae,Siderastrea,siderea,SWB,SW,bay,12.07093,68.8585,11/1/20,2020,November,1,SW_bay,56,56_siderea,56_siderea_SW_bay,56SSSWBNovember2020,November_2020,November_2020_SW_bay,SW_bay_C2_November_2020,FALSE,7.976361734,28.77875942,35.40012799,6.08658331,316.617909,0.645544,5.14,3.39430111,6.45,1391.908169,Spaanse Water Bay,November_2020 bay,Siderastrea siderea,b,56b
C3,C3,cnidaria,anthozoa,scleractinia,Siderastreidae,Siderastrea,siderea,SWB,SW,bay,12.07093,68.8585,11/1/20,2020,November,1,SW_bay,77,77_siderea,77_siderea_SW_bay,77SSSWBNovember2020,November_2020,November_2020_SW_bay,SW_bay_C3_November_2020,FALSE,7.976361734,28.77875942,35.40012799,6.08658331,316.617909,0.645544,5.14,3.39430111,6.45,1391.908169,Spaanse Water Bay,November_2020 bay,Siderastrea siderea,b,77b
C4,C4,cnidaria,anthozoa,scleractinia,Siderastreidae,Siderastrea,siderea,SWB,SW,bay,12.07093,68.8585,11/1/20,2020,November,1,SW_bay,83,83_siderea,83_siderea_SW_bay,83SSSWBNovember2020,November_2020,November_2020_SW_bay,SW_bay_C4_November_2020,FALSE,7.976361734,28.77875942,35.40012799,6.08658331,316.617909,0.645544,5.14,3.39430111,6.45,1391.908169,Spaanse Water Bay,November_2020 bay,Siderastrea siderea,b,83b
C5,C5,cnidaria,anthozoa,scleractinia,Siderastreidae,Siderastrea,siderea,SWB,SW,bay,12.07093,68.8585,11/1/20,2020,November,1,SW_bay,95,95_siderea,95_siderea_SW_bay,95SSSWBNovember2020,November_2020,November_2020_SW_bay,SW_bay_C5_November_2020,FALSE,7.976361734,28.77875942,35.40012799,6.08658331,316.617909,0.645544,5.14,3.39430111,6.45,1391.908169,Spaanse Water Bay,November_2020 bay,Siderastrea siderea,b,95b
C6,C6,cnidaria,anthozoa,scleractinia,Siderastreidae,Siderastrea,siderea,DB,SW,reef,12.06624,68.86019,11/1/20,2020,November,5,SW_reef,49,49_siderea,49_siderea_SW_reef,49SSDBNovember2020,November_2020,November_2020_SW_reef,SW_reef_C6_November_2020,FALSE,8.047646275,28.51712935,35.58084344,6.310593286,532.1785342,0.630546,3.52,1.42991559,3.44,1759.366821,Spaanse Water Reef,November_2020 reef,Siderastrea siderea,b,49b
C7,C7,cnidaria,anthozoa,scleractinia,Siderastreidae,Siderastrea,siderea,DB,SW,reef,12.06624,68.86019,11/1/20,2020,November,5,SW_reef,85,85_siderea,85_siderea_SW_reef,85SSDBNovember2020,November_2020,November_2020_SW_reef,SW_reef_C7_November_2020,FALSE,8.047646275,28.51712935,35.58084344,6.310593286,532.1785342,0.630546,3.52,1.42991559,3.44,1759.366821,Spaanse Water Reef,November_2020 reef,Siderastrea siderea,b,85b
C8,C8,cnidaria,anthozoa,scleractinia,Siderastreidae,Siderastrea,siderea,DB,SW,reef,12.06624,68.86019,11/1/20,2020,November,5,SW_reef,96,96_siderea,96_siderea_SW_reef,96SSDBNovember2020,November_2020,November_2020_SW_reef,SW_reef_C8_November_2020,FALSE,8.047646275,28.51712935,35.58084344,6.310593286,532.1785342,0.630546,3.52,1.42991559,3.44,1759.366821,Spaanse Water Reef,November_2020 reef,Siderastrea siderea,b,96b
C9,C9,cnidaria,anthozoa,scleractinia,Siderastreidae,Siderastrea,siderea,DB,SW,reef,12.06624,68.86019,11/1/20,2020,November,5,SW_reef,97,97_siderea,97_siderea_SW_reef,97SSDBNovember2020,November_2020,November_2020_SW_reef,SW_reef_C9_November_2020,FALSE,8.047646275,28.51712935,35.58084344,6.310593286,532.1785342,0.630546,3.52,1.42991559,3.44,1759.366821,Spaanse Water Reef,November_2020 reef,Siderastrea siderea,b,97b
D1,D1,cnidaria,anthozoa,scleractinia,Siderastreidae,Siderastrea,siderea,SMB,SM,bay,12.26947,69.12917,11/1/20,2020,November,1,SM_bay,82,82_siderea,82_siderea_SM_bay,82SSSMBNovember2020,November_2020,November_2020_SM_bay,SM_bay_D1_November_2020,FALSE,8.060383832,28.08237994,35.07786986,6.179520315,468.650535,0.540967,6.24,9.4628401,6.52,1644.409065,Santa Martha Bay,November_2020 bay,Siderastrea siderea,b,82b
D10,D10,cnidaria,anthozoa,scleractinia,Siderastreidae,Siderastrea,radians,SWB,SW,bay,12.07093,68.8585,11/1/20,2020,November,1,SW_bay,84,84_radians,84_radians_SW_bay,84SRSWBNovember2020,November_2020,November_2020_SW_bay,SW_bay_D10_November_2020,FALSE,7.976361734,28.77875942,35.40012799,6.08658331,316.617909,0.645544,5.14,3.39430111,6.45,1391.908169,Spaanse Water Bay,November_2020 bay,Siderastrea radians,b,84b
D11,D11,cnidaria,anthozoa,scleractinia,Siderastreidae,Siderastrea,radians,SMB,SM,bay,12.26947,69.12917,11/1/20,2020,November,1,SM_bay,98,98_radians,98_radians_SM_bay,98SRSWBNovember2020,November_2020,November_2020_SM_bay,SM_bay_D11_November_2020,FALSE,8.060383832,28.08237994,35.07786986,6.179520315,468.650535,0.540967,6.24,9.4628401,6.52,1644.409065,Santa Martha Bay,November_2020 bay,Siderastrea radians,b,98b
D12,D12,cnidaria,anthozoa,scleractinia,Siderastreidae,Siderastrea,radians,SMB,SM,bay,12.26947,69.12917,11/1/20,2020,November,1,SM_bay,44,44_radians,44_radians_SM_bay,44SRSMBNovember2020,November_2020,November_2020_SM_bay,SM_bay_D12_November_2020,FALSE,8.060383832,28.08237994,35.07786986,6.179520315,468.650535,0.540967,6.24,9.4628401,6.52,1644.409065,Santa Martha Bay,November_2020 bay,Siderastrea radians,b,44b
D2,D2,cnidaria,anthozoa,scleractinia,Siderastreidae,Siderastrea,siderea,SMR,SM,reef,12.26654,69.12768,11/1/20,2020,November,5,SM_reef,42,42_siderea,42_siderea_SM_reef,42SSSMRNovember2020,November_2020,November_2020_SM_reef,SM_reef_D2_November_2020,FALSE,8.041232107,28.45125721,35.36889033,6.211836765,670.5445991,0.633093,3.18,3.67483942,2.84,2122.055021,Santa Martha Reef,November_2020 reef,Siderastrea siderea,b,42b
D3,D3,cnidaria,anthozoa,scleractinia,Siderastreidae,Siderastrea,siderea,SMR,SM,reef,12.26654,69.12768,11/1/20,2020,November,5,SM_reef,43,43_siderea,43_siderea_SM_reef,43SSSMRNovember2020,November_2020,November_2020_SM_reef,SM_reef_D3_November_2020,FALSE,8.041232107,28.45125721,35.36889033,6.211836765,670.5445991,0.633093,3.18,3.67483942,2.84,2122.055021,Santa Martha Reef,November_2020 reef,Siderastrea siderea,b,43b
D4,D4,cnidaria,anthozoa,scleractinia,Siderastreidae,Siderastrea,siderea,SMR,SM,reef,12.26654,69.12768,11/1/20,2020,November,5,SM_reef,63,63_siderea,63_siderea_SM_reef,63SSSMRNovember2020,November_2020,November_2020_SM_reef,SM_reef_D4_November_2020,FALSE,8.041232107,28.45125721,35.36889033,6.211836765,670.5445991,0.633093,3.18,3.67483942,2.84,2122.055021,Santa Martha Reef,November_2020 reef,Siderastrea siderea,b,63b
D5,D5,cnidaria,anthozoa,scleractinia,Siderastreidae,Siderastrea,siderea,SMR,SM,reef,12.26654,69.12768,11/1/20,2020,November,5,SM_reef,64,64_siderea,64_siderea_SM_reef,64SSSMRNovember2020,November_2020,November_2020_SM_reef,SM_reef_D5_November_2020,FALSE,8.041232107,28.45125721,35.36889033,6.211836765,670.5445991,0.633093,3.18,3.67483942,2.84,2122.055021,Santa Martha Reef,November_2020 reef,Siderastrea siderea,b,64b
D7,D7,cnidaria,anthozoa,scleractinia,Siderastreidae,Siderastrea,radians,SWB,SW,bay,12.07093,68.8585,11/1/20,2020,November,1,SW_bay,75,75_radians,75_radians_SW_bay,75SRSWBNovember2020,November_2020,November_2020_SW_bay,SW_bay_D7_November_2020,FALSE,7.976361734,28.77875942,35.40012799,6.08658331,316.617909,0.645544,5.14,3.39430111,6.45,1391.908169,Spaanse Water Bay,November_2020 bay,Siderastrea radians,b,75b
D8,D8,cnidaria,anthozoa,scleractinia,Siderastreidae,Siderastrea,radians,SWB,SW,bay,12.07093,68.8585,11/1/20,2020,November,1,SW_bay,79,79_radians,79_radians_SW_bay,79SRSWBNovember2020,November_2020,November_2020_SW_bay,SW_bay_D8_November_2020,FALSE,7.976361734,28.77875942,35.40012799,6.08658331,316.617909,0.645544,5.14,3.39430111,6.45,1391.908169,Spaanse Water Bay,November_2020 bay,Siderastrea radians,b,79b
D9,D9,cnidaria,anthozoa,scleractinia,Siderastreidae,Siderastrea,radians,SWB,SW,bay,12.07093,68.8585,11/1/20,2020,November,1,SW_bay,80,80_radians,80_radians_SW_bay,80SRSWBNovember2020,November_2020,November_2020_SW_bay,SW_bay_D9_November_2020,FALSE,7.976361734,28.77875942,35.40012799,6.08658331,316.617909,0.645544,5.14,3.39430111,6.45,1391.908169,Spaanse Water Bay,November_2020 bay,Siderastrea radians,b,80b
F1,F1,cnidaria,anthozoa,scleractinia,Poritidae,Porites,porites,SMR,SM,reef,12.26654,69.12768,11/1/20,2020,November,5,SM_reef,68,68_porites,68_porites_SM_reef,68PPSMRNovember2020,November_2020,November_2020_SM_reef,SM_reef_F1_November_2020,FALSE,8.041232107,28.45125721,35.36889033,6.211836765,670.5445991,0.633093,3.18,3.67483942,2.84,2122.055021,Santa Martha Reef,November_2020 reef,Porites sp.,b,68b
F10,F10,cnidaria,anthozoa,scleractinia,Siderastreidae,Siderastrea,siderea,SMB,SM,bay,12.26947,69.12917,11/1/21,2021,November,1,SM_bay,35,35_siderea,35_siderea_SM_bay,35SSSMBNovember2021,November_2021,November_2021_SM_bay,SM_bay_F10_November_2021,FALSE,8.060383832,28.08237994,35.07786986,6.179520315,468.650535,0.540967,6.24,9.4628401,6.52,1644.409065,Santa Martha Bay,November_2021 bay,Siderastrea siderea,c,35c
F11,F11,cnidaria,anthozoa,scleractinia,Siderastreidae,Siderastrea,siderea,SMB,SM,bay,12.26947,69.12917,11/1/21,2021,November,1,SM_bay,37,37_siderea,37_siderea_SM_bay,37SSSMBNovember2021,November_2021,November_2021_SM_bay,SM_bay_F11_November_2021,FALSE,8.060383832,28.08237994,35.07786986,6.179520315,468.650535,0.540967,6.24,9.4628401,6.52,1644.409065,Santa Martha Bay,November_2021 bay,Siderastrea siderea,c,37c
F12,F12,cnidaria,anthozoa,scleractinia,Siderastreidae,Siderastrea,siderea,SMB,SM,bay,12.26947,69.12917,11/1/21,2021,November,1,SM_bay,70,70_siderea,70_siderea_SM_bay,70SSSMBNovember2021,November_2021,November_2021_SM_bay,SM_bay_F12_November_2021,FALSE,8.060383832,28.08237994,35.07786986,6.179520315,468.650535,0.540967,6.24,9.4628401,6.52,1644.409065,Santa Martha Bay,November_2021 bay,Siderastrea siderea,c,70c
F2,F2,cnidaria,anthozoa,scleractinia,Siderastreidae,Siderastrea,siderea,SWB,SW,bay,12.07093,68.8585,11/1/21,2021,November,1,SW_bay,59,59_siderea,59_siderea_SW_bay,59SSSWBNovember2021,November_2021,November_2021_SW_bay,SW_bay_F2_November_2021,FALSE,7.976361734,28.77875942,35.40012799,6.08658331,316.617909,0.645544,5.14,3.39430111,6.45,1391.908169,Spaanse Water Bay,November_2021 bay,Siderastrea siderea,c,59c
F3,F3,cnidaria,anthozoa,scleractinia,Siderastreidae,Siderastrea,siderea,SWB,SW,bay,12.07093,68.8585,11/1/21,2021,November,1,SW_bay,77,77_siderea,77_siderea_SW_bay,77SSSWBNovember2021,November_2021,November_2021_SW_bay,SW_bay_F3_November_2021,FALSE,7.976361734,28.77875942,35.40012799,6.08658331,316.617909,0.645544,5.14,3.39430111,6.45,1391.908169,Spaanse Water Bay,November_2021 bay,Siderastrea siderea,c,77c
F4,F4,cnidaria,anthozoa,scleractinia,Siderastreidae,Siderastrea,siderea,SWB,SW,bay,12.07093,68.8585,11/1/21,2021,November,1,SW_bay,83,83_siderea,83_siderea_SW_bay,83SSSWBNovember2021,November_2021,November_2021_SW_bay,SW_bay_F4_November_2021,FALSE,7.976361734,28.77875942,35.40012799,6.08658331,316.617909,0.645544,5.14,3.39430111,6.45,1391.908169,Spaanse Water Bay,November_2021 bay,Siderastrea siderea,c,83c
F5,F5,cnidaria,anthozoa,scleractinia,Siderastreidae,Siderastrea,siderea,SWB,SW,bay,12.07093,68.8585,11/1/21,2021,November,1,SW_bay,95,95_siderea,95_siderea_SW_bay,95SSSWBNovember2021,November_2021,November_2021_SW_bay,SW_bay_F5_November_2021,FALSE,7.976361734,28.77875942,35.40012799,6.08658331,316.617909,0.645544,5.14,3.39430111,6.45,1391.908169,Spaanse Water Bay,November_2021 bay,Siderastrea siderea,c,95c
F6,F6,cnidaria,anthozoa,scleractinia,Siderastreidae,Siderastrea,siderea,DB,SW,reef,12.06624,68.86019,11/1/21,2021,November,5,SW_reef,69,69_siderea,69_siderea_SW_reef,69SSDBNovember2021,November_2021,November_2021_SW_reef,SW_reef_F6_November_2021,FALSE,8.047646275,28.51712935,35.58084344,6.310593286,532.1785342,0.630546,3.52,1.42991559,3.44,1759.366821,Spaanse Water Reef,November_2021 reef,Siderastrea siderea,c,69c
F7,F7,cnidaria,anthozoa,scleractinia,Siderastreidae,Siderastrea,siderea,DB,SW,reef,12.06624,68.86019,11/1/21,2021,November,5,SW_reef,85,85_siderea,85_siderea_SW_reef,85SSDBNovember2021,November_2021,November_2021_SW_reef,SW_reef_F7_November_2021,FALSE,8.047646275,28.51712935,35.58084344,6.310593286,532.1785342,0.630546,3.52,1.42991559,3.44,1759.366821,Spaanse Water Reef,November_2021 reef,Siderastrea siderea,c,85c
F8,F8,cnidaria,anthozoa,scleractinia,Siderastreidae,Siderastrea,siderea,DB,SW,reef,12.06624,68.86019,11/1/21,2021,November,5,SW_reef,96,96_siderea,96_siderea_SW_reef,96SSDBNovember2021,November_2021,November_2021_SW_reef,SW_reef_F8_November_2021,FALSE,8.047646275,28.51712935,35.58084344,6.310593286,532.1785342,0.630546,3.52,1.42991559,3.44,1759.366821,Spaanse Water Reef,November_2021 reef,Siderastrea siderea,c,96c
F9,F9,cnidaria,anthozoa,scleractinia,Siderastreidae,Siderastrea,siderea,DB,SW,reef,12.06624,68.86019,11/1/21,2021,November,5,SW_reef,97,97_siderea,97_siderea_SW_reef,97SSDBNovember2021,November_2021,November_2021_SW_reef,SW_reef_F9_November_2021,FALSE,8.047646275,28.51712935,35.58084344,6.310593286,532.1785342,0.630546,3.52,1.42991559,3.44,1759.366821,Spaanse Water Reef,November_2021 reef,Siderastrea siderea,c,97c
G1,G1,cnidaria,anthozoa,scleractinia,Siderastreidae,Siderastrea,siderea,SMB,SM,bay,12.26947,69.12917,11/1/21,2021,November,1,SM_bay,82,82_siderea,82_siderea_SM_bay,82SSSMBNovember2021,November_2021,November_2021_SM_bay,SM_bay_G1_November_2021,FALSE,8.060383832,28.08237994,35.07786986,6.179520315,468.650535,0.540967,6.24,9.4628401,6.52,1644.409065,Santa Martha Bay,November_2021 bay,Siderastrea siderea,c,82c
G10,G10,cnidaria,anthozoa,scleractinia,Siderastreidae,Siderastrea,radians,SMB,SM,bay,12.26947,69.12917,11/1/21,2021,November,1,SM_bay,44,44_radians,44_radians_SM_bay,44SRSMBNovember2021,November_2021,November_2021_SM_bay,SM_bay_G10_November_2021,FALSE,8.060383832,28.08237994,35.07786986,6.179520315,468.650535,0.540967,6.24,9.4628401,6.52,1644.409065,Santa Martha Bay,November_2021 bay,Siderastrea radians,c,44c
G11,G11,cnidaria,anthozoa,scleractinia,Siderastreidae,Siderastrea,radians,SMB,SM,bay,12.26947,69.12917,11/1/21,2021,November,1,SM_bay,73,73_radians,73_radians_SM_bay,73SRSMBNovember2021,November_2021,November_2021_SM_bay,SM_bay_G11_November_2021,FALSE,8.060383832,28.08237994,35.07786986,6.179520315,468.650535,0.540967,6.24,9.4628401,6.52,1644.409065,Santa Martha Bay,November_2021 bay,Siderastrea radians,c,73c
G12,G12,cnidaria,anthozoa,scleractinia,Siderastreidae,Siderastrea,radians,SMB,SM,bay,12.26947,69.12917,11/1/21,2021,November,1,SM_bay,88,88_radians,88_radians_SM_bay,88SRSMBNovember2021,November_2021,November_2021_SM_bay,SM_bay_G12_November_2021,FALSE,8.060383832,28.08237994,35.07786986,6.179520315,468.650535,0.540967,6.24,9.4628401,6.52,1644.409065,Santa Martha Bay,November_2021 bay,Siderastrea radians,c,88c
G2,G2,cnidaria,anthozoa,scleractinia,Siderastreidae,Siderastrea,siderea,SMR,SM,reef,12.26654,69.12768,11/1/21,2021,November,5,SM_reef,42,42_siderea,42_siderea_SM_reef,42SSSMRNovember2021,November_2021,November_2021_SM_reef,SM_reef_G2_November_2021,FALSE,8.041232107,28.45125721,35.36889033,6.211836765,670.5445991,0.633093,3.18,3.67483942,2.84,2122.055021,Santa Martha Reef,November_2021 reef,Siderastrea siderea,c,42c
G3,G3,cnidaria,anthozoa,scleractinia,Siderastreidae,Siderastrea,siderea,SMR,SM,reef,12.26654,69.12768,11/1/21,2021,November,5,SM_reef,63,63_siderea,63_siderea_SM_reef,63SSSMRNovember2021,November_2021,November_2021_SM_reef,SM_reef_G3_November_2021,FALSE,8.041232107,28.45125721,35.36889033,6.211836765,670.5445991,0.633093,3.18,3.67483942,2.84,2122.055021,Santa Martha Reef,November_2021 reef,Siderastrea siderea,c,63c
G4,G4,cnidaria,anthozoa,scleractinia,Siderastreidae,Siderastrea,siderea,SMR,SM,reef,12.26654,69.12768,11/1/21,2021,November,5,SM_reef,64,64_siderea,64_siderea_SM_reef,64SSSMRNovember2021,November_2021,November_2021_SM_reef,SM_reef_G4_November_2021,FALSE,8.041232107,28.45125721,35.36889033,6.211836765,670.5445991,0.633093,3.18,3.67483942,2.84,2122.055021,Santa Martha Reef,November_2021 reef,Siderastrea siderea,c,64c
G5,G5,cnidaria,anthozoa,scleractinia,Siderastreidae,Siderastrea,siderea,SMR,SM,reef,12.26654,69.12768,11/1/21,2021,November,5,SM_reef,72,72_siderea,72_siderea_SM_reef,72SSSMRNovember2021,November_2021,November_2021_SM_reef,SM_reef_G5_November_2021,FALSE,8.041232107,28.45125721,35.36889033,6.211836765,670.5445991,0.633093,3.18,3.67483942,2.84,2122.055021,Santa Martha Reef,November_2021 reef,Siderastrea siderea,c,72c
G6,G6,cnidaria,anthozoa,scleractinia,Siderastreidae,Siderastrea,radians,SWB,SW,bay,12.07093,68.8585,11/1/21,2021,November,1,SW_bay,75,75_radians,75_radians_SW_bay,75SRSWBNovember2021,November_2021,November_2021_SW_bay,SW_bay_G6_November_2021,FALSE,7.976361734,28.77875942,35.40012799,6.08658331,316.617909,0.645544,5.14,3.39430111,6.45,1391.908169,Spaanse Water Bay,November_2021 bay,Siderastrea radians,c,75c
G7,G7,cnidaria,anthozoa,scleractinia,Siderastreidae,Siderastrea,radians,SWB,SW,bay,12.07093,68.8585,11/1/21,2021,November,1,SW_bay,80,80_radians,80_radians_SW_bay,80SRSWBNovember2021,November_2021,November_2021_SW_bay,SW_bay_G7_November_2021,FALSE,7.976361734,28.77875942,35.40012799,6.08658331,316.617909,0.645544,5.14,3.39430111,6.45,1391.908169,Spaanse Water Bay,November_2021 bay,Siderastrea radians,c,80c
G8,G8,cnidaria,anthozoa,scleractinia,Siderastreidae,Siderastrea,radians,SWB,SW,bay,12.07093,68.8585,11/1/21,2021,November,1,SW_bay,84,84_radians,84_radians_SW_bay,84SRSWBNovember2021,November_2021,November_2021_SW_bay,SW_bay_G8_November_2021,FALSE,7.976361734,28.77875942,35.40012799,6.08658331,316.617909,0.645544,5.14,3.39430111,6.45,1391.908169,Spaanse Water Bay,November_2021 bay,Siderastrea radians,c,84c
G9,G9,cnidaria,anthozoa,scleractinia,Siderastreidae,Siderastrea,radians,SWB,SW,bay,12.07093,68.8585,11/1/21,2021,November,1,SW_bay,98,98_radians,98_radians_SW_bay,98SRSWBNovember2021,November_2021,November_2021_SW_bay,SW_bay_G9_November_2021,FALSE,7.976361734,28.77875942,35.40012799,6.08658331,316.617909,0.645544,5.14,3.39430111,6.45,1391.908169,Spaanse Water Bay,November_2021 bay,Siderastrea radians,c,98c
H1,H1,cnidaria,anthozoa,scleractinia,Siderastreidae,Siderastrea,radians,SMB,SM,bay,12.26947,69.12917,11/1/21,2021,November,1,SM_bay,95,95_radians,95_radians_SM_bay,95SRSMBNovember2021,November_2021,November_2021_SM_bay,SM_bay_H1_November_2021,FALSE,8.060383832,28.08237994,35.07786986,6.179520315,468.650535,0.540967,6.24,9.4628401,6.52,1644.409065,Santa Martha Bay,November_2021 bay,Siderastrea radians,c,95c
H10,H10,cnidaria,anthozoa,scleractinia,Poritidae,Porites,porites,SMR,SM,reef,12.26654,69.12768,11/1/21,2021,November,5,SM_reef,47,47_porites,47_porites_SM_reef,47PPSMRNovember2021,November_2021,November_2021_SM_reef,SM_reef_H10_November_2021,FALSE,8.041232107,28.45125721,35.36889033,6.211836765,670.5445991,0.633093,3.18,3.67483942,2.84,2122.055021,Santa Martha Reef,November_2021 reef,Porites sp.,c,47c
H11,H11,cnidaria,anthozoa,scleractinia,Poritidae,Porites,porites,SMR,SM,reef,12.26654,69.12768,11/1/21,2021,November,5,SM_reef,52,52_porites,52_porites_SM_reef,52PPSMRNovember2021,November_2021,November_2021_SM_reef,SM_reef_H11_November_2021,FALSE,8.041232107,28.45125721,35.36889033,6.211836765,670.5445991,0.633093,3.18,3.67483942,2.84,2122.055021,Santa Martha Reef,November_2021 reef,Porites sp.,c,52c
H2,H2,cnidaria,anthozoa,scleractinia,Poritidae,Porites,porites,SMR,SM,reef,12.26654,69.12768,11/1/21,2021,November,1,SM_reef,7,7_porites,7_porites_SM_reef,7PPSMRNovember2021,November_2021,November_2021_SM_reef,SM_reef_H2_November_2021,FALSE,8.041232107,28.45125721,35.36889033,6.211836765,670.5445991,0.633093,3.18,3.67483942,2.84,2122.055021,Santa Martha Reef,November_2021 reef,Porites sp.,c,7c
H3,H3,cnidaria,anthozoa,scleractinia,Poritidae,Porites,porites,SMB,SM,bay,12.26947,69.12917,11/1/21,2021,November,1,SM_bay,11,11_porites,11_porites_SM_bay,11PPSMBNovember2021,November_2021,November_2021_SM_bay,SM_bay_H3_November_2021,FALSE,8.060383832,28.08237994,35.07786986,6.179520315,468.650535,0.540967,6.24,9.4628401,6.52,1644.409065,Santa Martha Bay,November_2021 bay,Porites sp.,c,11c
H4,H4,cnidaria,anthozoa,scleractinia,Poritidae,Porites,porites,SMB,SM,bay,12.26947,69.12917,11/1/21,2021,November,1,SM_bay,24,24_porites,24_porites_SM_bay,24PPSMBNovember2021,November_2021,November_2021_SM_bay,SM_bay_H4_November_2021,FALSE,8.060383832,28.08237994,35.07786986,6.179520315,468.650535,0.540967,6.24,9.4628401,6.52,1644.409065,Santa Martha Bay,November_2021 bay,Porites sp.,c,24c
H5,H5,cnidaria,anthozoa,scleractinia,Poritidae,Porites,porites,SMB,SM,bay,12.26947,69.12917,11/1/21,2021,November,1,SM_bay,25,25_porites,25_porites_SM_bay,25PPSMBNovember2021,November_2021,November_2021_SM_bay,SM_bay_H5_November_2021,FALSE,8.060383832,28.08237994,35.07786986,6.179520315,468.650535,0.540967,6.24,9.4628401,6.52,1644.409065,Santa Martha Bay,November_2021 bay,Porites sp.,c,25c
H6,H6,cnidaria,anthozoa,scleractinia,Poritidae,Porites,porites,SMB,SM,bay,12.26947,69.12917,11/1/21,2021,November,1,SM_bay,50,50_porites,50_porites_SM_bay,50PPSMBNovember2021,November_2021,November_2021_SM_bay,SM_bay_H6_November_2021,FALSE,8.060383832,28.08237994,35.07786986,6.179520315,468.650535,0.540967,6.24,9.4628401,6.52,1644.409065,Santa Martha Bay,November_2021 bay,Porites sp.,c,50c
H7,H7,cnidaria,anthozoa,scleractinia,Poritidae,Porites,porites,SMR,SM,reef,12.26654,69.12768,11/1/21,2021,November,5,SM_reef,3,3_porites,3_porites_SM_reef,3PPSMRNovember2021,November_2021,November_2021_SM_reef,SM_reef_H7_November_2021,FALSE,8.041232107,28.45125721,35.36889033,6.211836765,670.5445991,0.633093,3.18,3.67483942,2.84,2122.055021,Santa Martha Reef,November_2021 reef,Porites sp.,c,3c
H8,H8,cnidaria,anthozoa,scleractinia,Poritidae,Porites,porites,SMR,SM,reef,12.26654,69.12768,11/1/21,2021,November,5,SM_reef,4,4_porites,4_porites_SM_reef,4PPSMRNovember2021,November_2021,November_2021_SM_reef,SM_reef_H8_November_2021,FALSE,8.041232107,28.45125721,35.36889033,6.211836765,670.5445991,0.633093,3.18,3.67483942,2.84,2122.055021,Santa Martha Reef,November_2021 reef,Porites sp.,c,4c
H9,H9,cnidaria,anthozoa,scleractinia,Poritidae,Porites,porites,SMR,SM,reef,12.26654,69.12768,11/1/21,2021,November,5,SM_reef,28,28_porites,28_porites_SM_reef,28PPSMRNovember2021,November_2021,November_2021_SM_reef,SM_reef_H9_November_2021,FALSE,8.041232107,28.45125721,35.36889033,6.211836765,670.5445991,0.633093,3.18,3.67483942,2.84,2122.055021,Santa Martha Reef,November_2021 reef,Porites sp.,c,28c
I10,I10,cnidaria,anthozoa,scleractinia,Siderastreidae,Siderastrea,siderea,SWB,SW,bay,12.07093,68.8585,202003,2020,March,1,SW_bay,71,71_siderea,71_siderea_SW_bay,71SSSWBMarch2020,March_2020,March_2020_SW_bay,SW_bay_I10_March_2020,FALSE,7.976361734,28.77875942,35.40012799,6.08658331,316.617909,0.645544,5.14,3.39430111,6.45,1391.908169,Spaanse Water Bay,March_2020 bay,Siderastrea siderea,a,71a
I11,I11,cnidaria,anthozoa,scleractinia,Siderastreidae,Siderastrea,siderea,SWB,SW,bay,12.07093,68.8585,202003,2020,March,1,SW_bay,88,88_siderea,88_siderea_SW_bay,88SSSWBMarch2020,March_2020,March_2020_SW_bay,SW_bay_I11_March_2020,FALSE,7.976361734,28.77875942,35.40012799,6.08658331,316.617909,0.645544,5.14,3.39430111,6.45,1391.908169,Spaanse Water Bay,March_2020 bay,Siderastrea siderea,a,88a
I12,I12,cnidaria,anthozoa,scleractinia,Siderastreidae,Siderastrea,siderea,DB,SW,reef,12.06624,68.86019,202003,2020,March,5,SW_reef,1,1_siderea,1_siderea_SW_reef,1SSDBMarch2020,March_2020,March_2020_SW_reef,SW_reef_I12_March_2020,FALSE,8.047646275,28.51712935,35.58084344,6.310593286,532.1785342,0.630546,3.52,1.42991559,3.44,1759.366821,Spaanse Water Reef,March_2020 reef,Siderastrea siderea,a,1a
J1,J1,cnidaria,anthozoa,scleractinia,Siderastreidae,Siderastrea,siderea,DB,SW,reef,12.06624,68.86019,202003,2020,March,5,SW_reef,2,2_siderea,2_siderea_SW_reef,21SSDBMarch2020,March_2020,March_2020_SW_reef,SW_reef_J1_March_2020,FALSE,8.047646275,28.51712935,35.58084344,6.310593286,532.1785342,0.630546,3.52,1.42991559,3.44,1759.366821,Spaanse Water Reef,March_2020 reef,Siderastrea siderea,a,2a
J2,J2,cnidaria,anthozoa,scleractinia,Siderastreidae,Siderastrea,siderea,SMB,SM,bay,12.26947,69.12917,202003,2020,March,1,SM_bay,14,14_siderea,14_siderea_SM_bay,14SSSMBMarch2020,March_2020,March_2020_SM_bay,SM_bay_J2_March_2020,FALSE,8.060383832,28.08237994,35.07786986,6.179520315,468.650535,0.540967,6.24,9.4628401,6.52,1644.409065,Santa Martha Bay,March_2020 bay,Siderastrea siderea,a,14a
J3,J3,cnidaria,anthozoa,scleractinia,Siderastreidae,Siderastrea,siderea,SMB,SM,bay,12.26947,69.12917,202003,2020,March,1,SM_bay,10,10_siderea,10_siderea_SM_bay,100SSSMBMarch2020,March_2020,March_2020_SM_bay,SM_bay_J3_March_2020,FALSE,8.060383832,28.08237994,35.07786986,6.179520315,468.650535,0.540967,6.24,9.4628401,6.52,1644.409065,Santa Martha Bay,March_2020 bay,Siderastrea siderea,a,10a
J4,J4,cnidaria,anthozoa,scleractinia,Siderastreidae,Siderastrea,siderea,SMR,SM,reef,12.26654,69.12768,202003,2020,March,5,SM_reef,3,3_siderea,3_siderea_SM_reef,3SSSMRMarch2020,March_2020,March_2020_SM_reef,SM_reef_J4_March_2020,FALSE,8.041232107,28.45125721,35.36889033,6.211836765,670.5445991,0.633093,3.18,3.67483942,2.84,2122.055021,Santa Martha Reef,March_2020 reef,Siderastrea siderea,a,3a
J5,J5,cnidaria,anthozoa,scleractinia,Siderastreidae,Siderastrea,siderea,SMR,SM,reef,12.26654,69.12768,202003,2020,March,5,SM_reef,65,65_siderea,65_siderea_SM_reef,65SSSMRMarch2020,March_2020,March_2020_SM_reef,SM_reef_J5_March_2020,FALSE,8.041232107,28.45125721,35.36889033,6.211836765,670.5445991,0.633093,3.18,3.67483942,2.84,2122.055021,Santa Martha Reef,March_2020 reef,Siderastrea siderea,a,65a
J6,J6,cnidaria,anthozoa,scleractinia,Siderastreidae,Siderastrea,radians,SWB,SW,bay,12.07093,68.8585,202003,2020,March,1,SW_bay,9,9_radians,9_radians_SW_bay,9SRSWBMarch2020,March_2020,March_2020_SW_bay,SW_bay_J6_March_2020,FALSE,7.976361734,28.77875942,35.40012799,6.08658331,316.617909,0.645544,5.14,3.39430111,6.45,1391.908169,Spaanse Water Bay,March_2020 bay,Siderastrea radians,a,9a
J7,J7,cnidaria,anthozoa,scleractinia,Siderastreidae,Siderastrea,radians,SMB,SM,bay,12.26947,69.12917,202003,2020,March,1,SM_bay,81,81_radians,81_radians_SM_bay,81SRSMBMarch2020,March_2020,March_2020_SM_bay,SM_bay_J7_March_2020,FALSE,8.060383832,28.08237994,35.07786986,6.179520315,468.650535,0.540967,6.24,9.4628401,6.52,1644.409065,Santa Martha Bay,March_2020 bay,Siderastrea radians,a,81a
J8,J8,cnidaria,anthozoa,scleractinia,Siderastreidae,Siderastrea,radians,SMB,SM,bay,12.26947,69.12917,202003,2020,March,1,SM_bay,94,94_radians,94_radians_SM_bay,94SRSMBMarch2020,March_2020,March_2020_SM_bay,SM_bay_J8_March_2020,FALSE,8.060383832,28.08237994,35.07786986,6.179520315,468.650535,0.540967,6.24,9.4628401,6.52,1644.409065,Santa Martha Bay,March_2020 bay,Siderastrea radians,a,94a
K10,K10,cnidaria,anthozoa,scleractinia,Siderastreidae,Siderastrea,siderea,SMR,SM,reef,12.26654,69.12768,202011,2020,November,5,SM_reef,72,72_siderea,72_siderea_SM_reef,72SSSMRNovember2020,November_2020,November_2020_SM_reef,SM_reef_K10_November_2020,FALSE,8.041232107,28.45125721,35.36889033,6.211836765,670.5445991,0.633093,3.18,3.67483942,2.84,2122.055021,Santa Martha Reef,November_2020 reef,Siderastrea siderea,b,72b
K11,K11,cnidaria,anthozoa,scleractinia,Siderastreidae,Siderastrea,radians,SWB,SW,bay,12.07093,68.8585,202011,2020,November,1,SW_bay,58,58_radians,58_radians_SW_bay,58SRSWBNovember2020,November_2020,November_2020_SW_bay,SW_bay_K11_November_2020,FALSE,7.976361734,28.77875942,35.40012799,6.08658331,316.617909,0.645544,5.14,3.39430111,6.45,1391.908169,Spaanse Water Bay,November_2020 bay,Siderastrea radians,b,58b
K12,K12,cnidaria,anthozoa,scleractinia,Siderastreidae,Siderastrea,radians,SWB,SW,bay,12.07093,68.8585,202011,2020,November,1,SW_bay,9,9_radians,9_radians_SW_bay,9SRSWBNovember2020,November_2020,November_2020_SW_bay,SW_bay_K12_November_2020,FALSE,7.976361734,28.77875942,35.40012799,6.08658331,316.617909,0.645544,5.14,3.39430111,6.45,1391.908169,Spaanse Water Bay,November_2020 bay,Siderastrea radians,b,9b
K3,K3,cnidaria,anthozoa,scleractinia,Siderastreidae,Siderastrea,siderea,SWB,SW,bay,12.07093,68.8585,202011,2020,November,1,SW_bay,XX,XX_siderea,XX_siderea_SW_bay,XXSSSWBNovember2020,November_2020,November_2020_SW_bay,SW_bay_K3_November_2020,FALSE,7.976361734,28.77875942,35.40012799,6.08658331,316.617909,0.645544,5.14,3.39430111,6.45,1391.908169,Spaanse Water Bay,November_2020 bay,Siderastrea siderea,b,XXb
K5,K5,cnidaria,anthozoa,scleractinia,Siderastreidae,Siderastrea,siderea,DB,SW,reef,12.06624,68.86019,202011,2020,November,5,SW_reef,10,10_siderea,10_siderea_SW_reef,10SSDBNovember2020,November_2020,November_2020_SW_reef,SW_reef_K5_November_2020,FALSE,8.047646275,28.51712935,35.58084344,6.310593286,532.1785342,0.630546,3.52,1.42991559,3.44,1759.366821,Spaanse Water Reef,November_2020 reef,Siderastrea siderea,b,10b
K6,K6,cnidaria,anthozoa,scleractinia,Siderastreidae,Siderastrea,siderea,DB,SW,reef,12.06624,68.86019,202011,2020,November,5,SW_reef,41,41_siderea,41_siderea_SW_reef,41SSDBNovember2020,November_2020,November_2020_SW_reef,SW_reef_K6_November_2020,FALSE,8.047646275,28.51712935,35.58084344,6.310593286,532.1785342,0.630546,3.52,1.42991559,3.44,1759.366821,Spaanse Water Reef,November_2020 reef,Siderastrea siderea,b,41b
K7,K7,cnidaria,anthozoa,scleractinia,Siderastreidae,Siderastrea,siderea,SMB,SM,bay,12.26947,69.12917,202011,2020,November,1,SM_bay,8,8_siderea,8_siderea_SM_bay,8SSSMBNovember2020,November_2020,November_2020_SM_bay,SM_bay_K7_November_2020,FALSE,8.060383832,28.08237994,35.07786986,6.179520315,468.650535,0.540967,6.24,9.4628401,6.52,1644.409065,Santa Martha Bay,November_2020 bay,Siderastrea siderea,b,8b
K8,K8,cnidaria,anthozoa,scleractinia,Siderastreidae,Siderastrea,siderea,SMB,SM,bay,12.26947,69.12917,202011,2020,November,1,SM_bay,40,40_siderea,40_siderea_SM_bay,40SSSMBNovember2020,November_2020,November_2020_SM_bay,SM_bay_K8_November_2020,FALSE,8.060383832,28.08237994,35.07786986,6.179520315,468.650535,0.540967,6.24,9.4628401,6.52,1644.409065,Santa Martha Bay,November_2020 bay,Siderastrea siderea,b,40b
L1,L1,cnidaria,anthozoa,scleractinia,Siderastreidae,Siderastrea,radians,SWB,SW,bay,12.07093,68.8585,202011,2020,November,1,SW_bay,91,91_radians,91_radians_SW_bay,91SRSWBNovember2020,November_2020,November_2020_SW_bay,SW_bay_L1_November_2020,FALSE,7.976361734,28.77875942,35.40012799,6.08658331,316.617909,0.645544,5.14,3.39430111,6.45,1391.908169,Spaanse Water Bay,November_2020 bay,Siderastrea radians,b,91b
L10,L10,cnidaria,anthozoa,scleractinia,Siderastreidae,Siderastrea,siderea,SMB,SM,bay,12.26947,69.12917,202111,2021,November,1,SM_bay,8,8_siderea,8_siderea_SM_bay,8SSSMBNovember2021,November_2021,November_2021_SM_bay,SM_bay_L10_November_2021,FALSE,8.060383832,28.08237994,35.07786986,6.179520315,468.650535,0.540967,6.24,9.4628401,6.52,1644.409065,Santa Martha Bay,November_2021 bay,Siderastrea siderea,c,8c
L11,L11,cnidaria,anthozoa,scleractinia,Siderastreidae,Siderastrea,siderea,SMB,SM,bay,12.26947,69.12917,202111,2021,November,1,SM_bay,18,18_siderea,18_siderea_SM_bay,18SSSMBNovember2021,November_2021,November_2021_SM_bay,SM_bay_L11_November_2021,FALSE,8.060383832,28.08237994,35.07786986,6.179520315,468.650535,0.540967,6.24,9.4628401,6.52,1644.409065,Santa Martha Bay,November_2021 bay,Siderastrea siderea,c,18c
L12,L12,cnidaria,anthozoa,scleractinia,Siderastreidae,Siderastrea,siderea,SMB,SM,bay,12.26947,69.12917,202111,2021,November,1,SM_bay,33,33_siderea,33_siderea_SM_bay,33SSSMBNovember2021,November_2021,November_2021_SM_bay,SM_bay_L12_November_2021,FALSE,8.060383832,28.08237994,35.07786986,6.179520315,468.650535,0.540967,6.24,9.4628401,6.52,1644.409065,Santa Martha Bay,November_2021 bay,Siderastrea siderea,c,33c
L2,L2,cnidaria,anthozoa,scleractinia,Siderastreidae,Siderastrea,radians,SMB,SM,bay,12.26947,69.12917,202011,2020,November,1,SM_bay,36,36_radians,36_radians_SM_bay,36SRSMBNovember2020,November_2020,November_2020_SM_bay,SM_bay_L2_November_2020,FALSE,8.060383832,28.08237994,35.07786986,6.179520315,468.650535,0.540967,6.24,9.4628401,6.52,1644.409065,Santa Martha Bay,November_2020 bay,Siderastrea radians,b,36b
L3,L3,cnidaria,anthozoa,scleractinia,Siderastreidae,Siderastrea,radians,SMB,SM,bay,12.26947,69.12917,202011,2020,November,1,SM_bay,45,45_radians,45_radians_SM_bay,45SRSMBNovember2020,November_2020,November_2020_SM_bay,SM_bay_L3_November_2020,FALSE,8.060383832,28.08237994,35.07786986,6.179520315,468.650535,0.540967,6.24,9.4628401,6.52,1644.409065,Santa Martha Bay,November_2020 bay,Siderastrea radians,b,45b
L4,L4,cnidaria,anthozoa,scleractinia,Poritidae,Porites,porites,SMB,SM,bay,12.26947,69.12917,202011,2020,November,1,SM_bay,15,15_porites,15_porites_SM_bay,15PPSMBNovember2020,November_2020,November_2020_SM_bay,SM_bay_L4_November_2020,FALSE,8.060383832,28.08237994,35.07786986,6.179520315,468.650535,0.540967,6.24,9.4628401,6.52,1644.409065,Santa Martha Bay,November_2020 bay,Porites sp.,b,15b
L5,L5,cnidaria,anthozoa,scleractinia,Poritidae,Porites,porites,SMR,SM,reef,12.26654,69.12768,202011,2020,November,5,SM_reef,7,7_porites,7_porites_SM_reef,7PPSMRNovember2020,November_2020,November_2020_SM_reef,SM_reef_L5_November_2020,FALSE,8.041232107,28.45125721,35.36889033,6.211836765,670.5445991,0.633093,3.18,3.67483942,2.84,2122.055021,Santa Martha Reef,November_2020 reef,Porites sp.,b,7b
L6,L6,cnidaria,anthozoa,scleractinia,Siderastreidae,Siderastrea,siderea,SWB,SW,bay,12.07093,68.8585,202111,2021,November,1,SW_bay,71,71_siderea,71_siderea_SW_bay,71SSSWBNovember2021,November_2021,November_2021_SW_bay,SW_bay_L6_November_2021,FALSE,7.976361734,28.77875942,35.40012799,6.08658331,316.617909,0.645544,5.14,3.39430111,6.45,1391.908169,Spaanse Water Bay,November_2021 bay,Siderastrea siderea,c,71c
L7,L7,cnidaria,anthozoa,scleractinia,Siderastreidae,Siderastrea,siderea,SWB,SW,bay,12.07093,68.8585,202111,2021,November,1,SW_bay,94,94_siderea,94_siderea_SW_bay,94SSSWBNovember2021,November_2021,November_2021_SW_bay,SW_bay_L7_November_2021,FALSE,7.976361734,28.77875942,35.40012799,6.08658331,316.617909,0.645544,5.14,3.39430111,6.45,1391.908169,Spaanse Water Bay,November_2021 bay,Siderastrea siderea,c,94c
L8,L8,cnidaria,anthozoa,scleractinia,Siderastreidae,Siderastrea,siderea,DB,SW,reef,12.06624,68.86019,202111,2021,November,5,SW_reef,38,38_siderea,38_siderea_SW_reef,38SSDBNovember2021,November_2021,November_2021_SW_reef,SW_reef_L8_November_2021,FALSE,8.047646275,28.51712935,35.58084344,6.310593286,532.1785342,0.630546,3.52,1.42991559,3.44,1759.366821,Spaanse Water Reef,November_2021 reef,Siderastrea siderea,c,38c
L9,L9,cnidaria,anthozoa,scleractinia,Siderastreidae,Siderastrea,siderea,DB,SW,reef,12.06624,68.86019,202111,2021,November,5,SW_reef,53,53_siderea,53_siderea_SW_reef,53SSDBNovember2021,November_2021,November_2021_SW_reef,SW_reef_L9_November_2021,FALSE,8.047646275,28.51712935,35.58084344,6.310593286,532.1785342,0.630546,3.52,1.42991559,3.44,1759.366821,Spaanse Water Reef,November_2021 reef,Siderastrea siderea,c,53c
M1,M1,cnidaria,anthozoa,scleractinia,Siderastreidae,Siderastrea,siderea,SMB,SM,bay,12.26947,69.12917,202111,2021,November,1,SM_bay,39,39_siderea,39_siderea_SM_bay,39SSSMBNovember2021,November_2021,November_2021_SM_bay,SM_bay_M1_November_2021,FALSE,8.060383832,28.08237994,35.07786986,6.179520315,468.650535,0.540967,6.24,9.4628401,6.52,1644.409065,Santa Martha Bay,November_2021 bay,Siderastrea siderea,c,39c
M10,M10,cnidaria,anthozoa,scleractinia,Siderastreidae,Siderastrea,radians,SMB,SM,bay,12.26947,69.12917,202111,2021,November,1,SM_bay,86,86_radians,86_radians_SM_bay,86SRSMBNovember2021,November_2021,November_2021_SM_bay,SM_bay_M10_November_2021,FALSE,8.060383832,28.08237994,35.07786986,6.179520315,468.650535,0.540967,6.24,9.4628401,6.52,1644.409065,Santa Martha Bay,November_2021 bay,Siderastrea radians,c,86c
M11,M11,cnidaria,anthozoa,scleractinia,Poritidae,Porites,porites,SMB,SM,bay,12.26947,69.12917,202111,2021,November,1,SM_bay,26,26_porites,26_porites_SM_bay,26PPSMBNovember2021,November_2021,November_2021_SM_bay,SM_bay_M11_November_2021,FALSE,8.060383832,28.08237994,35.07786986,6.179520315,468.650535,0.540967,6.24,9.4628401,6.52,1644.409065,Santa Martha Bay,November_2021 bay,Porites sp.,c,26c
M12,M12,cnidaria,anthozoa,scleractinia,Poritidae,Porites,porites,SMB,SM,bay,12.26947,69.12917,202111,2021,November,1,SM_bay,97,97_porites,97_porites_SM_bay,97PPSMBNovember2021,November_2021,November_2021_SM_bay,SM_bay_M12_November_2021,FALSE,8.060383832,28.08237994,35.07786986,6.179520315,468.650535,0.540967,6.24,9.4628401,6.52,1644.409065,Santa Martha Bay,November_2021 bay,Porites sp.,c,97c
M2,M2,cnidaria,anthozoa,scleractinia,Siderastreidae,Siderastrea,siderea,SMB,SM,bay,12.26947,69.12917,202111,2021,November,1,SM_bay,44,44_siderea,44_siderea_SM_bay,44SSSMBNovember2021,November_2021,November_2021_SM_bay,SM_bay_M2_November_2021,FALSE,8.060383832,28.08237994,35.07786986,6.179520315,468.650535,0.540967,6.24,9.4628401,6.52,1644.409065,Santa Martha Bay,November_2021 bay,Siderastrea siderea,c,44c
M4,M4,cnidaria,anthozoa,scleractinia,Siderastreidae,Siderastrea,siderea,SMR,SM,reef,12.26654,69.12768,202111,2021,November,5,SM_reef,15,15_siderea,15_siderea_SM_reef,15SSSMRNovember2021,November_2021,November_2021_SM_reef,SM_reef_M4_November_2021,FALSE,8.041232107,28.45125721,35.36889033,6.211836765,670.5445991,0.633093,3.18,3.67483942,2.84,2122.055021,Santa Martha Reef,November_2021 reef,Siderastrea siderea,c,15c
M7,M7,cnidaria,anthozoa,scleractinia,Siderastreidae,Siderastrea,siderea,SMR,SM,reef,12.26654,69.12768,202111,2021,November,5,SM_reef,18,18_siderea,18_siderea_SM_reef,18SSSMRNovember2021,November_2021,November_2021_SM_reef,SM_reef_M7_November_2021,FALSE,8.041232107,28.45125721,35.36889033,6.211836765,670.5445991,0.633093,3.18,3.67483942,2.84,2122.055021,Santa Martha Reef,November_2021 reef,Siderastrea siderea,c,18c
M8,M8,cnidaria,anthozoa,scleractinia,Siderastreidae,Siderastrea,siderea,SMR,SM,reef,12.26654,69.12768,202111,2021,November,5,SM_reef,19,19_siderea,19_siderea_SM_reef,19SSSMRNovember2021,November_2021,November_2021_SM_reef,SM_reef_M8_November_2021,FALSE,8.041232107,28.45125721,35.36889033,6.211836765,670.5445991,0.633093,3.18,3.67483942,2.84,2122.055021,Santa Martha Reef,November_2021 reef,Siderastrea siderea,c,19c